State,Year,Quarter,Brands,Count,Percentage
andaman-&-nicobar-islands,2018,4,Xiaomi,3719,0.24431743529102615
andaman-&-nicobar-islands,2018,4,Samsung,2936,0.19287872815661541
andaman-&-nicobar-islands,2018,4,Vivo,2742,0.1801340165549862
andaman-&-nicobar-islands,2018,4,Oppo,1268,0.08330048613848377
andaman-&-nicobar-islands,2018,4,Realme,760,0.04992773617133097
andaman-&-nicobar-islands,2018,4,OnePlus,721,0.0473656549730653
andaman-&-nicobar-islands,2018,4,Motorola,474,0.031139140717382736
andaman-&-nicobar-islands,2018,4,Apple,455,0.02989094731309946
andaman-&-nicobar-islands,2018,4,Huawei,398,0.02614636710024964
andaman-&-nicobar-islands,2018,4,Lenovo,377,0.024766784916568124
andaman-&-nicobar-islands,2018,4,Others,1372,0.09013270266719223
andaman-&-nicobar-islands,2019,4,Xiaomi,6259,0.24110169491525424
andaman-&-nicobar-islands,2019,4,Vivo,5190,0.19992295839753466
andaman-&-nicobar-islands,2019,4,Samsung,4900,0.18875192604006163
andaman-&-nicobar-islands,2019,4,Oppo,2329,0.08971494607087828
andaman-&-nicobar-islands,2019,4,Realme,1329,0.051194144838212635
andaman-&-nicobar-islands,2019,4,OnePlus,1124,0.04329738058551618
andaman-&-nicobar-islands,2019,4,Huawei,798,0.03073959938366718
andaman-&-nicobar-islands,2019,4,Motorola,682,0.026271186440677965
andaman-&-nicobar-islands,2019,4,Apple,678,0.026117103235747303
andaman-&-nicobar-islands,2019,4,Lenovo,488,0.018798151001540832
andaman-&-nicobar-islands,2019,4,Others,2183,0.08409090909090909
andaman-&-nicobar-islands,2020,4,Xiaomi,12398,0.23662111611573403
andaman-&-nicobar-islands,2020,4,Vivo,12275,0.23427360867241775
andaman-&-nicobar-islands,2020,4,Samsung,9938,0.18967096724940835
andaman-&-nicobar-islands,2020,4,Oppo,4723,0.0901404687380716
andaman-&-nicobar-islands,2020,4,Realme,2996,0.05717993739980151
andaman-&-nicobar-islands,2020,4,OnePlus,1638,0.031261928391480266
andaman-&-nicobar-islands,2020,4,Huawei,1472,0.028093747614321703
andaman-&-nicobar-islands,2020,4,Motorola,1032,0.019696160012214674
andaman-&-nicobar-islands,2020,4,Apple,973,0.018570119856477593
andaman-&-nicobar-islands,2020,4,Lenovo,708,0.01351248186884495
andaman-&-nicobar-islands,2020,4,Others,4243,0.08097946408122758
andaman-&-nicobar-islands,2021,4,Vivo,17597,0.24515185288381164
andaman-&-nicobar-islands,2021,4,Xiaomi,16968,0.2363889662858735
andaman-&-nicobar-islands,2021,4,Samsung,12574,0.17517414321538033
andaman-&-nicobar-islands,2021,4,Oppo,6127,0.08535803845082196
andaman-&-nicobar-islands,2021,4,Realme,5830,0.08122039565338535
andaman-&-nicobar-islands,2021,4,OnePlus,2691,0.03748955140707718
andaman-&-nicobar-islands,2021,4,Apple,1490,0.020757871273335192
andaman-&-nicobar-islands,2021,4,Huawei,1459,0.020325996099191977
andaman-&-nicobar-islands,2021,4,Tecno,1417,0.01974087489551407
andaman-&-nicobar-islands,2021,4,Motorola,1055,0.014697687378099749
andaman-&-nicobar-islands,2021,4,Others,4572,0.06369462245750905
andhra-pradesh,2018,4,Xiaomi,1753802,0.2557528652585838
andhra-pradesh,2018,4,Samsung,1388061,0.20241770616277957
andhra-pradesh,2018,4,Vivo,1011185,0.1474587559237024
andhra-pradesh,2018,4,Oppo,675093,0.09844724151643865
andhra-pradesh,2018,4,Realme,476746,0.06952275998121156
andhra-pradesh,2018,4,Motorola,250601,0.03654456078090136
andhra-pradesh,2018,4,OnePlus,210161,0.030647289668736397
andhra-pradesh,2018,4,Apple,209737,0.030585458735216172
andhra-pradesh,2018,4,Huawei,176237,0.025700231676424726
andhra-pradesh,2018,4,Lenovo,149583,0.021813340869707494
andhra-pradesh,2018,4,Others,556203,0.08110978942629789
andhra-pradesh,2019,4,Xiaomi,2985953,0.25395328393725297
andhra-pradesh,2019,4,Samsung,2379139,0.20234416348589282
andhra-pradesh,2019,4,Vivo,1922141,0.1634767925484545
andhra-pradesh,2019,4,Oppo,1241235,0.10556619758846043
andhra-pradesh,2019,4,Realme,844668,0.07183844234544604
andhra-pradesh,2019,4,Motorola,381692,0.03246264654955318
andhra-pradesh,2019,4,Huawei,317290,0.026985299989802584
andhra-pradesh,2019,4,Apple,308354,0.026225299231162617
andhra-pradesh,2019,4,OnePlus,286412,0.0243591469654869
andhra-pradesh,2019,4,Lenovo,208785,0.01775702309675985
andhra-pradesh,2019,4,Others,882214,0.07503170426172807
andhra-pradesh,2020,4,Xiaomi,4325662,0.2533098430509883
andhra-pradesh,2020,4,Samsung,3419866,0.20026662270778695
andhra-pradesh,2020,4,Vivo,2950572,0.1727848662772636
andhra-pradesh,2020,4,Oppo,1856052,0.10869000879275194
andhra-pradesh,2020,4,Realme,1361491,0.07972862223755187
andhra-pradesh,2020,4,Motorola,506158,0.02964050439886476
andhra-pradesh,2020,4,Huawei,437125,0.025597946659647302
andhra-pradesh,2020,4,Apple,394191,0.02308374078744759
andhra-pradesh,2020,4,OnePlus,336518,0.019706422222502008
andhra-pradesh,2020,4,Lenovo,276671,0.016201794681775874
andhra-pradesh,2020,4,Others,1212259,0.07098962818341979
andhra-pradesh,2021,4,Xiaomi,5518238,0.24537466690980744
andhra-pradesh,2021,4,Vivo,4381023,0.19480712128567224
andhra-pradesh,2021,4,Samsung,4017419,0.17863905996119264
andhra-pradesh,2021,4,Oppo,2580845,0.1147601792856419
andhra-pradesh,2021,4,Realme,2528884,0.11244967490592858
andhra-pradesh,2021,4,Apple,544986,0.024233416213745824
andhra-pradesh,2021,4,OnePlus,525373,0.023361302082006298
andhra-pradesh,2021,4,Motorola,474422,0.02109570848968179
andhra-pradesh,2021,4,Huawei,409934,0.01822817694796872
andhra-pradesh,2021,4,Lenovo,224391,0.009977798507885778
andhra-pradesh,2021,4,Others,1283514,0.05707289541046881
arunachal-pradesh,2018,4,Xiaomi,15097,0.24408264890383496
arunachal-pradesh,2018,4,Samsung,12580,0.20338873439824096
arunachal-pradesh,2018,4,Vivo,11624,0.18793248399405033
arunachal-pradesh,2018,4,Oppo,8328,0.13464398887667334
arunachal-pradesh,2018,4,Realme,3613,0.0584136325421975
arunachal-pradesh,2018,4,Apple,1517,0.02452628855978788
arunachal-pradesh,2018,4,Gionee,1188,0.01920713962361767
arunachal-pradesh,2018,4,Motorola,944,0.015262238892840976
arunachal-pradesh,2018,4,OnePlus,896,0.014486192847442281
arunachal-pradesh,2018,4,Lenovo,831,0.013435297160964884
arunachal-pradesh,2018,4,Others,5234,0.08462135420034922
arunachal-pradesh,2019,4,Xiaomi,31369,0.242566945816998
arunachal-pradesh,2019,4,Vivo,26787,0.20713573201568192
arunachal-pradesh,2019,4,Samsung,26087,0.20172284470426305
arunachal-pradesh,2019,4,Oppo,19208,0.14852962782533385
arunachal-pradesh,2019,4,Realme,7743,0.0598742663604519
arunachal-pradesh,2019,4,Apple,2811,0.02173660890342636
arunachal-pradesh,2019,4,Gionee,1983,0.015333936483633749
arunachal-pradesh,2019,4,Motorola,1637,0.012658423612560992
arunachal-pradesh,2019,4,Huawei,1581,0.012225392627647482
arunachal-pradesh,2019,4,OnePlus,1535,0.011869688604325671
arunachal-pradesh,2019,4,Others,8580,0.06634653304567703
arunachal-pradesh,2020,4,Vivo,53198,0.23000363177282396
arunachal-pradesh,2020,4,Xiaomi,53097,0.2295669543261332
arunachal-pradesh,2020,4,Samsung,45317,0.195929820313716
arunachal-pradesh,2020,4,Oppo,36466,0.15766217595074625
arunachal-pradesh,2020,4,Realme,16419,0.07098818809124396
arunachal-pradesh,2020,4,Apple,4188,0.01810698165090016
arunachal-pradesh,2020,4,Gionee,2611,0.01128876052781765
arunachal-pradesh,2020,4,Huawei,2424,0.010480258720578317
arunachal-pradesh,2020,4,Motorola,2149,0.00929128547463812
arunachal-pradesh,2020,4,OnePlus,2141,0.00925669716202895
arunachal-pradesh,2020,4,Others,13282,0.05742524600937343
arunachal-pradesh,2021,4,Vivo,74157,0.23546090733590733
arunachal-pradesh,2021,4,Xiaomi,72002,0.22861842105263158
arunachal-pradesh,2021,4,Samsung,54367,0.17262433956512904
arunachal-pradesh,2021,4,Oppo,48973,0.1554974852672221
arunachal-pradesh,2021,4,Realme,31777,0.10089730237756553
arunachal-pradesh,2021,4,Apple,6342,0.02013691322901849
arunachal-pradesh,2021,4,OnePlus,3900,0.01238315383052225
arunachal-pradesh,2021,4,Gionee,2500,0.007937919122129648
arunachal-pradesh,2021,4,Huawei,2496,0.007925218451534242
arunachal-pradesh,2021,4,Motorola,2316,0.007353688274740906
arunachal-pradesh,2021,4,Others,16114,0.05116465149359886
assam,2018,4,Xiaomi,277115,0.2666564667188211
assam,2018,4,Vivo,169404,0.16301056271957554
assam,2018,4,Samsung,167786,0.16145362728428314
assam,2018,4,Oppo,122447,0.11782575602302109
assam,2018,4,Realme,70255,0.0676035222536881
assam,2018,4,Motorola,21507,0.020695309274928048
assam,2018,4,Lenovo,20275,0.019509805902690573
assam,2018,4,Gionee,20028,0.01927212787270465
assam,2018,4,Asus,19175,0.018451320748907114
assam,2018,4,Huawei,17882,0.017207119563596194
assam,2018,4,Others,133347,0.12831438163778447
assam,2019,4,Xiaomi,517791,0.2667348368551736
assam,2019,4,Vivo,355815,0.18329452612274755
assam,2019,4,Samsung,302655,0.15590968566159424
assam,2019,4,Oppo,254644,0.1311773008726471
assam,2019,4,Realme,140535,0.0723951947744202
assam,2019,4,Huawei,35293,0.0181808347327969
assam,2019,4,Gionee,33438,0.017225250100452293
assam,2019,4,Motorola,32828,0.01691101472270016
assam,2019,4,Asus,28977,0.014927210723153481
assam,2019,4,Lenovo,26680,0.013743934226929457
assam,2019,4,Others,212564,0.10950021120738504
assam,2020,4,Xiaomi,792324,0.25508209028982154
assam,2020,4,Vivo,627536,0.20202997083530658
assam,2020,4,Samsung,465965,0.15001353764608505
assam,2020,4,Oppo,431650,0.1389661101690741
assam,2020,4,Realme,271012,0.08725004853270267
assam,2020,4,Huawei,50719,0.016328558187571573
assam,2020,4,Motorola,42173,0.013577244907124666
assam,2020,4,Gionee,41431,0.01333836420807346
assam,2020,4,Asus,40998,0.013198963476686434
assam,2020,4,Lenovo,34802,0.011204213057115988
assam,2020,4,Others,307543,0.09901089869043798
assam,2021,4,Xiaomi,1040847,0.2472560873491035
assam,2021,4,Vivo,889004,0.21118536218839312
assam,2021,4,Oppo,590804,0.14034712635978175
assam,2021,4,Samsung,559238,0.13284853564158608
assam,2021,4,Realme,501363,0.11910016911381652
assam,2021,4,Huawei,54361,0.01291360609617419
assam,2021,4,Apple,53459,0.012699333498194956
assam,2021,4,Tecno,46362,0.011013421493917106
assam,2021,4,OnePlus,45171,0.010730496145587541
assam,2021,4,Motorola,43263,0.010277245461613729
assam,2021,4,Others,385719,0.0916286166518315
bihar,2018,4,Xiaomi,1399341,0.2929535565085682
bihar,2018,4,Samsung,1008369,0.21110314413926873
bihar,2018,4,Vivo,590399,0.12360067117957822
bihar,2018,4,Oppo,528034,0.11054449076918729
bihar,2018,4,Realme,346806,0.07260421235317947
bihar,2018,4,Motorola,111948,0.023436435253466593
bihar,2018,4,Lenovo,92104,0.019282072324519305
bihar,2018,4,Huawei,75369,0.015778581918556148
bihar,2018,4,Micromax,61472,0.012869229891566606
bihar,2018,4,Apple,52872,0.01106881056134353
bihar,2018,4,Others,509951,0.10675879510076591
bihar,2019,4,Xiaomi,2484241,0.29778942767883193
bihar,2019,4,Samsung,1714305,0.20549612731492636
bihar,2019,4,Vivo,1129443,0.13538790502445736
bihar,2019,4,Oppo,977488,0.11717284759527198
bihar,2019,4,Realme,664779,0.07968798435534484
bihar,2019,4,Motorola,159553,0.01912584026849274
bihar,2019,4,Huawei,144428,0.01731278545873703
bihar,2019,4,Lenovo,121418,0.014554544720060741
bihar,2019,4,Micromax,81810,0.009806678610652203
bihar,2019,4,Infinix,79605,0.009542362190453107
bihar,2019,4,Others,785204,0.0941234967827717
bihar,2020,4,Xiaomi,3761975,0.2918559922382237
bihar,2020,4,Samsung,2566835,0.19913640463767063
bihar,2020,4,Vivo,1900128,0.1474129261410912
bihar,2020,4,Oppo,1561641,0.12115292727221524
bihar,2020,4,Realme,1195635,0.09275798995999406
bihar,2020,4,Huawei,209280,0.01623605208849486
bihar,2020,4,Motorola,206587,0.016027127737031195
bihar,2020,4,Lenovo,158922,0.012329252054700786
bihar,2020,4,Infinix,151393,0.011745148288577516
bihar,2020,4,HMD Global,105494,0.00818427981184861
bihar,2020,4,Others,1071943,0.08316189977015218
bihar,2021,4,Xiaomi,4718889,0.27220201729570426
bihar,2021,4,Samsung,3142992,0.18129876815162638
bihar,2021,4,Vivo,2818559,0.16258433831924482
bihar,2021,4,Oppo,2164915,0.12487986690802211
bihar,2021,4,Realme,2149920,0.12401490287743162
bihar,2021,4,Infinix,342716,0.019769057199589685
bihar,2021,4,Tecno,233246,0.013454444833551675
bihar,2021,4,Motorola,220257,0.012705193897016846
bihar,2021,4,Huawei,214582,0.012377840054162497
bihar,2021,4,Apple,144021,0.008307634854929755
bihar,2021,4,Others,1185884,0.06840593560872038
chandigarh,2018,4,Xiaomi,43505,0.24475799872852988
chandigarh,2018,4,Samsung,35417,0.19925512104283055
chandigarh,2018,4,Vivo,23567,0.1325873291813645
chandigarh,2018,4,Oppo,18698,0.1051944617911976
chandigarh,2018,4,Apple,15191,0.08546417098460171
chandigarh,2018,4,OnePlus,6197,0.03486416085784851
chandigarh,2018,4,Realme,5731,0.03224245697536386
chandigarh,2018,4,Motorola,5354,0.030121464778589794
chandigarh,2018,4,Lenovo,3148,0.017710566141763293
chandigarh,2018,4,Huawei,2838,0.015966514202771356
chandigarh,2018,4,Others,18101,0.10183575531513893
chandigarh,2019,4,Xiaomi,69435,0.2397700196830001
chandigarh,2019,4,Samsung,57981,0.2002175489485134
chandigarh,2019,4,Vivo,44605,0.1540281087054111
chandigarh,2019,4,Oppo,34871,0.12041506958113195
chandigarh,2019,4,Apple,23651,0.08167063779826651
chandigarh,2019,4,Realme,9610,0.03318484754307815
chandigarh,2019,4,OnePlus,8750,0.03021513173797438
chandigarh,2019,4,Motorola,6953,0.024009806968472668
chandigarh,2019,4,Huawei,4559,0.015742946924962878
chandigarh,2019,4,Lenovo,3777,0.013042577437066197
chandigarh,2019,4,Others,25398,0.08770330467212266
chandigarh,2020,4,Xiaomi,90201,0.23045615505286124
chandigarh,2020,4,Samsung,78159,0.19968983295946366
chandigarh,2020,4,Vivo,68293,0.17448301235047342
chandigarh,2020,4,Oppo,51650,0.1319615127158267
chandigarh,2020,4,Apple,30593,0.07816260519874707
chandigarh,2020,4,Realme,14705,0.037570068625096445
chandigarh,2020,4,OnePlus,10462,0.02672955171409446
chandigarh,2020,4,Motorola,7780,0.01987726174112549
chandigarh,2020,4,Huawei,5641,0.014412292221296774
chandigarh,2020,4,HMD Global,4400,0.011241639030970715
chandigarh,2020,4,Others,29518,0.075416068390044
chandigarh,2021,4,Xiaomi,112958,0.22058145801926216
chandigarh,2021,4,Vivo,97127,0.18966709106957344
chandigarh,2021,4,Samsung,97097,0.1896085078462464
chandigarh,2021,4,Oppo,71275,0.13918397475453628
chandigarh,2021,4,Apple,41698,0.0814267748763894
chandigarh,2021,4,Realme,27098,0.05291627285722097
chandigarh,2021,4,OnePlus,14380,0.028080891714770004
chandigarh,2021,4,Motorola,8240,0.016090858673832045
chandigarh,2021,4,Huawei,5797,0.011320231520898588
chandigarh,2021,4,HMD Global,4511,0.008808964014278685
chandigarh,2021,4,Others,31911,0.06231497465299204
chhattisgarh,2018,4,Xiaomi,378100,0.23930410038493719
chhattisgarh,2018,4,Samsung,280138,0.17730275607943807
chhattisgarh,2018,4,Vivo,275135,0.1741362963750587
chhattisgarh,2018,4,Oppo,155513,0.09842607395705565
chhattisgarh,2018,4,Micromax,154018,0.09747987022768383
chhattisgarh,2018,4,Realme,91037,0.05761842736509793
chhattisgarh,2018,4,Apple,28128,0.017802554180448328
chhattisgarh,2018,4,OnePlus,27785,0.01758546529805734
chhattisgarh,2018,4,Motorola,22980,0.014544322208002796
chhattisgarh,2018,4,Lenovo,22246,0.014079764657929946
chhattisgarh,2018,4,Others,144918,0.09172036926629021
chhattisgarh,2019,4,Xiaomi,649776,0.23837118016068087
chhattisgarh,2019,4,Vivo,534907,0.19623133643934113
chhattisgarh,2019,4,Samsung,473054,0.17354048204262812
chhattisgarh,2019,4,Oppo,290835,0.10669320224513004
chhattisgarh,2019,4,Micromax,243335,0.08926776477493671
chhattisgarh,2019,4,Realme,169406,0.06214681389632782
chhattisgarh,2019,4,Apple,44369,0.016276826002421217
chhattisgarh,2019,4,OnePlus,41107,0.015080157012362889
chhattisgarh,2019,4,Motorola,32554,0.011942477713782604
chhattisgarh,2019,4,Lenovo,27622,0.010133167027403793
chhattisgarh,2019,4,Others,218935,0.08031659268498477
chhattisgarh,2020,4,Xiaomi,962085,0.22958162802901064
chhattisgarh,2020,4,Vivo,951506,0.22705716912681498
chhattisgarh,2020,4,Samsung,697989,0.1665605959622498
chhattisgarh,2020,4,Oppo,473974,0.11310406311648377
chhattisgarh,2020,4,Micromax,315002,0.07516869298699638
chhattisgarh,2020,4,Realme,302527,0.07219179301489213
chhattisgarh,2020,4,Apple,59187,0.014123749791497687
chhattisgarh,2020,4,OnePlus,51351,0.012253850939280548
chhattisgarh,2020,4,Motorola,41093,0.009805992028351064
chhattisgarh,2020,4,Lenovo,34335,0.008193335514404735
chhattisgarh,2020,4,Others,301552,0.07195912949001826
chhattisgarh,2021,4,Vivo,1423389,0.2557530966326181
chhattisgarh,2021,4,Xiaomi,1243356,0.2234049491858835
chhattisgarh,2021,4,Samsung,821562,0.14761742965253138
chhattisgarh,2021,4,Oppo,651316,0.11702780047223232
chhattisgarh,2021,4,Realme,551719,0.09913231219368102
chhattisgarh,2021,4,Micromax,262792,0.04721820090662424
chhattisgarh,2021,4,OnePlus,87470,0.015716521177594533
chhattisgarh,2021,4,Apple,87360,0.015696756488792252
chhattisgarh,2021,4,Infinix,47609,0.008554336992615732
chhattisgarh,2021,4,Tecno,44668,0.00802590108563842
chhattisgarh,2021,4,Others,344240,0.06185269521178852
dadra-&-nagar-haveli-&-daman-&-diu,2018,4,Xiaomi,28477,0.24441469045841166
dadra-&-nagar-haveli-&-daman-&-diu,2018,4,Vivo,22409,0.19233377106024324
dadra-&-nagar-haveli-&-daman-&-diu,2018,4,Samsung,21520,0.18470359021894928
dadra-&-nagar-haveli-&-daman-&-diu,2018,4,Oppo,12699,0.10899400056647011
dadra-&-nagar-haveli-&-daman-&-diu,2018,4,Realme,6489,0.0556943121250354
dadra-&-nagar-haveli-&-daman-&-diu,2018,4,Lenovo,2931,0.02515642299868682
dadra-&-nagar-haveli-&-daman-&-diu,2018,4,Motorola,2811,0.02412647732832093
dadra-&-nagar-haveli-&-daman-&-diu,2018,4,Apple,2546,0.021852013972929595
dadra-&-nagar-haveli-&-daman-&-diu,2018,4,Huawei,2029,0.017414664709769892
dadra-&-nagar-haveli-&-daman-&-diu,2018,4,OnePlus,1795,0.015406270652556411
dadra-&-nagar-haveli-&-daman-&-diu,2018,4,Others,12805,0.10990378590862665
dadra-&-nagar-haveli-&-daman-&-diu,2019,4,Xiaomi,48012,0.2429781677952206
dadra-&-nagar-haveli-&-daman-&-diu,2019,4,Vivo,42886,0.21703660968228422
dadra-&-nagar-haveli-&-daman-&-diu,2019,4,Samsung,35031,0.17728418303828986
dadra-&-nagar-haveli-&-daman-&-diu,2019,4,Oppo,23415,0.11849816293687183
dadra-&-nagar-haveli-&-daman-&-diu,2019,4,Realme,12044,0.0609520339274689
dadra-&-nagar-haveli-&-daman-&-diu,2019,4,Apple,3874,0.01960546159374083
dadra-&-nagar-haveli-&-daman-&-diu,2019,4,Motorola,3849,0.019478942094555612
dadra-&-nagar-haveli-&-daman-&-diu,2019,4,Lenovo,3794,0.01920059919634814
dadra-&-nagar-haveli-&-daman-&-diu,2019,4,Huawei,3405,0.017231955789026206
dadra-&-nagar-haveli-&-daman-&-diu,2019,4,OnePlus,2529,0.012798712537576291
dadra-&-nagar-haveli-&-daman-&-diu,2019,4,Others,18759,0.0949351714086175
dadra-&-nagar-haveli-&-daman-&-diu,2020,4,Vivo,71995,0.2428219215967999
dadra-&-nagar-haveli-&-daman-&-diu,2020,4,Xiaomi,68314,0.23040678869315634
dadra-&-nagar-haveli-&-daman-&-diu,2020,4,Samsung,50714,0.1710461967061617
dadra-&-nagar-haveli-&-daman-&-diu,2020,4,Oppo,36932,0.12456280586725488
dadra-&-nagar-haveli-&-daman-&-diu,2020,4,Realme,20993,0.07080436974903286
dadra-&-nagar-haveli-&-daman-&-diu,2020,4,Apple,5335,0.01799367944605775
dadra-&-nagar-haveli-&-daman-&-diu,2020,4,Motorola,4712,0.01589244940015447
dadra-&-nagar-haveli-&-daman-&-diu,2020,4,Huawei,4635,0.01563274681021137
dadra-&-nagar-haveli-&-daman-&-diu,2020,4,Lenovo,4516,0.015231388262117486
dadra-&-nagar-haveli-&-daman-&-diu,2020,4,OnePlus,3173,0.010701770362200795
dadra-&-nagar-haveli-&-daman-&-diu,2020,4,Others,25174,0.08490588310685244
dadra-&-nagar-haveli-&-daman-&-diu,2021,4,Vivo,104203,0.26118462113028024
dadra-&-nagar-haveli-&-daman-&-diu,2021,4,Xiaomi,85964,0.2154686023515965
dadra-&-nagar-haveli-&-daman-&-diu,2021,4,Samsung,61231,0.15347538493544513
dadra-&-nagar-haveli-&-daman-&-diu,2021,4,Oppo,50155,0.12571341202066358
dadra-&-nagar-haveli-&-daman-&-diu,2021,4,Realme,39211,0.09828229685459554
dadra-&-nagar-haveli-&-daman-&-diu,2021,4,Apple,7542,0.018904008642405438
dadra-&-nagar-haveli-&-daman-&-diu,2021,4,Tecno,6955,0.01743269425986871
dadra-&-nagar-haveli-&-daman-&-diu,2021,4,Infinix,6018,0.015084105543621839
dadra-&-nagar-haveli-&-daman-&-diu,2021,4,OnePlus,5332,0.013364647849549958
dadra-&-nagar-haveli-&-daman-&-diu,2021,4,Motorola,4828,0.012101372809007352
dadra-&-nagar-haveli-&-daman-&-diu,2021,4,Others,27524,0.0689888536029657
delhi,2018,4,Xiaomi,1206379,0.260539406299315
delhi,2018,4,Samsung,892643,0.19278243177081117
delhi,2018,4,Vivo,605041,0.130669568126388
delhi,2018,4,Oppo,464753,0.1003718323145757
delhi,2018,4,Apple,279775,0.06042248115840117
delhi,2018,4,Realme,181855,0.03927488271311248
delhi,2018,4,Motorola,165627,0.03577015203939777
delhi,2018,4,OnePlus,155837,0.03365582413111166
delhi,2018,4,Lenovo,98258,0.021220595670314295
delhi,2018,4,Huawei,84942,0.018344764166050978
delhi,2018,4,Others,495203,0.1069480616105218
delhi,2019,4,Xiaomi,1872284,0.25683320294715295
delhi,2019,4,Samsung,1394404,0.19127933877676775
delhi,2019,4,Vivo,1114120,0.15283098507891005
delhi,2019,4,Oppo,825921,0.1132968800733839
delhi,2019,4,Apple,414754,0.056894465933129516
delhi,2019,4,Realme,300540,0.04122699911644673
delhi,2019,4,Motorola,217242,0.029800478279281027
delhi,2019,4,OnePlus,216727,0.029729832426665832
delhi,2019,4,Huawei,134371,0.018432531770400155
delhi,2019,4,Lenovo,121793,0.01670712684963531
delhi,2019,4,Others,677727,0.09296815874822682
delhi,2020,4,Xiaomi,2416705,0.24791884831792635
delhi,2020,4,Samsung,1842707,0.18903498657361206
delhi,2020,4,Vivo,1673743,0.17170173312017437
delhi,2020,4,Oppo,1209582,0.12408555300961185
delhi,2020,4,Apple,518592,0.0532000105047534
delhi,2020,4,Realme,452392,0.04640885156783445
delhi,2020,4,OnePlus,256533,0.0263165615644204
delhi,2020,4,Motorola,246834,0.025321584970324072
delhi,2020,4,Huawei,168898,0.01732648281159725
delhi,2020,4,Lenovo,134947,0.013843603097589158
delhi,2020,4,Others,827035,0.08484178446215662
delhi,2021,4,Xiaomi,3028207,0.23685388498682883
delhi,2021,4,Vivo,2413197,0.1887503346662102
delhi,2021,4,Samsung,2238115,0.17505614140555664
delhi,2021,4,Oppo,1697646,0.1327828812337961
delhi,2021,4,Realme,840595,0.06574788033001158
delhi,2021,4,Apple,705541,0.055184512441683216
delhi,2021,4,OnePlus,369158,0.028874019006616045
delhi,2021,4,Motorola,250976,0.019630309499467622
delhi,2021,4,Tecno,176336,0.013792275978173701
delhi,2021,4,Huawei,166930,0.01305657738088953
delhi,2021,4,Others,898426,0.07027118307076652
goa,2018,4,Xiaomi,50867,0.26038904530330176
goa,2018,4,Samsung,40683,0.20825697466086512
goa,2018,4,Vivo,22715,0.11627847453288968
goa,2018,4,Oppo,16672,0.08534425390325058
goa,2018,4,Apple,10884,0.055715382646531864
goa,2018,4,OnePlus,9442,0.04833375991809573
goa,2018,4,Realme,8708,0.04457640133094446
goa,2018,4,Motorola,8176,0.0418530842078321
goa,2018,4,Lenovo,4769,0.02441259278218582
goa,2018,4,Huawei,3965,0.020296902994625034
goa,2018,4,Others,18469,0.09454312771947786
goa,2019,4,Xiaomi,90791,0.25680109518987626
goa,2019,4,Samsung,74339,0.2102668393928937
goa,2019,4,Vivo,48072,0.13597099104501253
goa,2019,4,Oppo,34061,0.09634107018605782
goa,2019,4,Apple,17817,0.05039513952922675
goa,2019,4,Realme,16393,0.0463673751081896
goa,2019,4,OnePlus,14159,0.0400485368240625
goa,2019,4,Motorola,12521,0.035415476345369484
goa,2019,4,Huawei,7674,0.021705803488089245
goa,2019,4,Lenovo,6696,0.018939543934876932
goa,2019,4,Others,31023,0.08774812895634514
goa,2020,4,Xiaomi,132099,0.2503847728513374
goa,2020,4,Samsung,114296,0.21664038333232244
goa,2020,4,Vivo,78921,0.14958944926305573
goa,2020,4,Oppo,55468,0.10513586462061018
goa,2020,4,Realme,28000,0.05307211742585067
goa,2020,4,Apple,24214,0.04589600897676958
goa,2020,4,OnePlus,17571,0.033304649117486505
goa,2020,4,Motorola,15500,0.029379207860738762
goa,2020,4,Huawei,10821,0.020510477952326075
goa,2020,4,Lenovo,8172,0.01548947655728756
goa,2020,4,Others,42522,0.08059759204221507
goa,2021,4,Xiaomi,172749,0.24778320601051668
goa,2021,4,Samsung,141066,0.2023385706376277
goa,2021,4,Vivo,110824,0.15896083926916799
goa,2021,4,Oppo,75088,0.10770276744246089
goa,2021,4,Realme,53598,0.07687850161651687
goa,2021,4,Apple,33398,0.04790455235248387
goa,2021,4,OnePlus,24355,0.034933689818095234
goa,2021,4,Motorola,16068,0.023047198850221894
goa,2021,4,Huawei,10899,0.01563302341726216
goa,2021,4,Tecno,9081,0.013025367983499193
goa,2021,4,Others,50052,0.07179228260214751
gujarat,2018,4,Xiaomi,1363826,0.24445531847773094
gujarat,2018,4,Samsung,1194869,0.2141710760274169
gujarat,2018,4,Vivo,1025717,0.18385188132725344
gujarat,2018,4,Oppo,679260,0.12175212939860622
gujarat,2018,4,Apple,230209,0.041263192233789325
gujarat,2018,4,Realme,212094,0.03801621784393014
gujarat,2018,4,OnePlus,145412,0.02606398233387823
gujarat,2018,4,Lenovo,127399,0.0228352906593249
gujarat,2018,4,Motorola,112287,0.020126580917147037
gujarat,2018,4,Huawei,68005,0.012189373082107316
gujarat,2018,4,Others,419962,0.07527495769881556
gujarat,2019,4,Xiaomi,2194279,0.2353417314122709
gujarat,2019,4,Samsung,1961599,0.21038623848497806
gujarat,2019,4,Vivo,1944394,0.20854096061058372
gujarat,2019,4,Oppo,1262789,0.13543717534022345
gujarat,2019,4,Realme,362885,0.038920294184806
gujarat,2019,4,Apple,353958,0.03796285183753961
gujarat,2019,4,OnePlus,206534,0.02215127117176164
gujarat,2019,4,Lenovo,169920,0.0182243310907925
gujarat,2019,4,Motorola,147476,0.015817157791582593
gujarat,2019,4,Huawei,111054,0.011910810175122823
gujarat,2019,4,Others,608911,0.06530717790033869
gujarat,2020,4,Vivo,3159752,0.23224585476600385
gujarat,2020,4,Xiaomi,2998305,0.2203792916577577
gujarat,2020,4,Samsung,2800655,0.20585176127103727
gujarat,2020,4,Oppo,2016643,0.14822586623661552
gujarat,2020,4,Realme,592948,0.04358244415757707
gujarat,2020,4,Apple,456563,0.03355797043234122
gujarat,2020,4,OnePlus,249222,0.018318139023724967
gujarat,2020,4,Lenovo,223106,0.016398579278824432
gujarat,2020,4,Motorola,170289,0.012516461533135521
gujarat,2020,4,Huawei,144035,0.010586758609922984
gujarat,2020,4,Others,793685,0.05833687303305948
gujarat,2021,4,Vivo,4645259,0.25608950471412717
gujarat,2021,4,Xiaomi,3700589,0.2040105845896961
gujarat,2021,4,Samsung,3390165,0.18689715164411044
gujarat,2021,4,Oppo,2791203,0.15387684385877856
gujarat,2021,4,Realme,1116664,0.061560815164901694
gujarat,2021,4,Apple,635160,0.03501587528579677
gujarat,2021,4,OnePlus,397948,0.021938562784546024
gujarat,2021,4,Lenovo,199946,0.011022866993976196
gujarat,2021,4,Tecno,187064,0.010312692383749428
gujarat,2021,4,Motorola,174499,0.00961999373621804
gujarat,2021,4,Others,900704,0.049655108844099585
haryana,2018,4,Xiaomi,948615,0.25009102104121744
haryana,2018,4,Samsung,785842,0.20717786262822366
haryana,2018,4,Vivo,591623,0.155974341689166
haryana,2018,4,Oppo,427382,0.11267416259982985
haryana,2018,4,Apple,187472,0.049424754928647674
haryana,2018,4,Realme,179167,0.04723524081623399
haryana,2018,4,Motorola,98841,0.02605824977544628
haryana,2018,4,OnePlus,93582,0.024671777202636698
haryana,2018,4,Huawei,65203,0.01718999261549786
haryana,2018,4,Lenovo,59641,0.01572363770962851
haryana,2018,4,Others,355711,0.09377895899347206
haryana,2019,4,Xiaomi,1597800,0.2509628646269115
haryana,2019,4,Samsung,1285177,0.20185987074265876
haryana,2019,4,Vivo,1103105,0.1732622298061517
haryana,2019,4,Oppo,785251,0.12333761447687248
haryana,2019,4,Realme,319391,0.05016602847418568
haryana,2019,4,Apple,288206,0.045267870423497086
haryana,2019,4,Motorola,136766,0.021481529067195002
haryana,2019,4,OnePlus,130817,0.020547132971522514
haryana,2019,4,Huawei,113928,0.017894415597205386
haryana,2019,4,Lenovo,76631,0.012036259406199056
haryana,2019,4,Others,529607,0.08318418440760089
haryana,2020,4,Xiaomi,2236661,0.24498270676930556
haryana,2020,4,Samsung,1795147,0.19662343605436788
haryana,2020,4,Vivo,1744266,0.19105041220179075
haryana,2020,4,Oppo,1196039,0.13100280803467912
haryana,2020,4,Realme,514733,0.056378987966207196
haryana,2020,4,Apple,374080,0.040973187688372006
haryana,2020,4,Motorola,165075,0.018080755340189287
haryana,2020,4,OnePlus,156430,0.017133863745968866
haryana,2020,4,Huawei,151226,0.016563866770107318
haryana,2020,4,Lenovo,91990,0.010075715182456535
haryana,2020,4,Others,704226,0.07713426024655545
haryana,2021,4,Xiaomi,2742821,0.2263718737823877
haryana,2021,4,Vivo,2569078,0.21203242966023267
haryana,2021,4,Samsung,2176063,0.1795959192300642
haryana,2021,4,Oppo,1697572,0.14010486084236465
haryana,2021,4,Realme,916660,0.07565424131628112
haryana,2021,4,Apple,529430,0.04369518139776877
haryana,2021,4,OnePlus,238331,0.019670053222733182
haryana,2021,4,Motorola,170147,0.014042657252679603
haryana,2021,4,Tecno,156987,0.012956529554599335
haryana,2021,4,Huawei,147354,0.01216149398350456
haryana,2021,4,Others,771996,0.06371475975738417
himachal-pradesh,2018,4,Xiaomi,155301,0.29505664557142397
himachal-pradesh,2018,4,Samsung,82316,0.15639231451733945
himachal-pradesh,2018,4,Vivo,57665,0.10955783585988604
himachal-pradesh,2018,4,Oppo,53543,0.10172644074301358
himachal-pradesh,2018,4,Realme,25714,0.04885407424436156
himachal-pradesh,2018,4,Apple,15419,0.029294585469931203
himachal-pradesh,2018,4,Motorola,15298,0.02906469735514674
himachal-pradesh,2018,4,Micromax,11894,0.02259743171278045
himachal-pradesh,2018,4,Lenovo,10676,0.020283351350735168
himachal-pradesh,2018,4,Lava,10441,0.019836874433591785
himachal-pradesh,2018,4,Others,88076,0.16733574874179005
himachal-pradesh,2019,4,Xiaomi,297684,0.3019275923099159
himachal-pradesh,2019,4,Samsung,148745,0.15086541338512796
himachal-pradesh,2019,4,Vivo,122794,0.1245444725618569
himachal-pradesh,2019,4,Oppo,112857,0.11446581705876088
himachal-pradesh,2019,4,Realme,53624,0.05438842937486371
himachal-pradesh,2019,4,Apple,25839,0.02620734422305504
himachal-pradesh,2019,4,Motorola,23421,0.02375487476481954
himachal-pradesh,2019,4,Lava,19583,0.01986216269670215
himachal-pradesh,2019,4,Micromax,18835,0.019103499688116476
himachal-pradesh,2019,4,Gionee,18172,0.018431048385051906
himachal-pradesh,2019,4,Others,144391,0.14644934555172956
himachal-pradesh,2020,4,Xiaomi,448361,0.2971706679498345
himachal-pradesh,2020,4,Samsung,226491,0.15011671790058895
himachal-pradesh,2020,4,Vivo,212147,0.1406096107680051
himachal-pradesh,2020,4,Oppo,186684,0.12373290490374253
himachal-pradesh,2020,4,Realme,97707,0.06475954521774749
himachal-pradesh,2020,4,Apple,35276,0.023380696542737577
himachal-pradesh,2020,4,Motorola,29156,0.019324401530787412
himachal-pradesh,2020,4,Lava,29138,0.019312471251340498
himachal-pradesh,2020,4,Gionee,23461,0.0155497936724449
himachal-pradesh,2020,4,Micromax,23015,0.015254187859482517
himachal-pradesh,2020,4,Others,197330,0.13078900240328853
himachal-pradesh,2021,4,Xiaomi,583871,0.2899425796785793
himachal-pradesh,2021,4,Vivo,302823,0.1503778776579183
himachal-pradesh,2021,4,Samsung,290183,0.14410102162784102
himachal-pradesh,2021,4,Oppo,256274,0.12726226283639405
himachal-pradesh,2021,4,Realme,176332,0.0875641279664228
himachal-pradesh,2021,4,Apple,50504,0.0250796152644796
himachal-pradesh,2021,4,Lava,32082,0.01593149487001098
himachal-pradesh,2021,4,Motorola,31241,0.015513865445857896
himachal-pradesh,2021,4,Tecno,30164,0.014979041557852103
himachal-pradesh,2021,4,OnePlus,27508,0.013660107252797893
himachal-pradesh,2021,4,Others,232765,0.11558800584184607
jammu-&-kashmir,2018,4,Xiaomi,153238,0.3510100489505524
jammu-&-kashmir,2018,4,Samsung,95846,0.21954677789918065
jammu-&-kashmir,2018,4,Vivo,52004,0.11912140973925871
jammu-&-kashmir,2018,4,Oppo,38530,0.08825759397841777
jammu-&-kashmir,2018,4,Realme,15898,0.036416278979208044
jammu-&-kashmir,2018,4,Apple,13747,0.03148915505894911
jammu-&-kashmir,2018,4,Motorola,7823,0.017919521352015633
jammu-&-kashmir,2018,4,OnePlus,7434,0.01702847011771497
jammu-&-kashmir,2018,4,Lenovo,6134,0.01405066393624746
jammu-&-kashmir,2018,4,Micromax,5165,0.011831053020984372
jammu-&-kashmir,2018,4,Others,40744,0.0933290269674709
jammu-&-kashmir,2019,4,Xiaomi,241041,0.3579637849790679
jammu-&-kashmir,2019,4,Samsung,144994,0.21532685741950527
jammu-&-kashmir,2019,4,Vivo,88428,0.13132214676394893
jammu-&-kashmir,2019,4,Oppo,64384,0.09561502122913657
jammu-&-kashmir,2019,4,Realme,26716,0.03967524396057425
jammu-&-kashmir,2019,4,Apple,20684,0.03071727601738725
jammu-&-kashmir,2019,4,OnePlus,10484,0.015569518553775282
jammu-&-kashmir,2019,4,Motorola,10294,0.01528735444415898
jammu-&-kashmir,2019,4,Huawei,7979,0.01184940752962352
jammu-&-kashmir,2019,4,Lenovo,7023,0.010429676535975181
jammu-&-kashmir,2019,4,Others,51340,0.07624371256684691
jammu-&-kashmir,2020,4,Xiaomi,383539,0.3554505839547294
jammu-&-kashmir,2020,4,Samsung,231979,0.21499005580979813
jammu-&-kashmir,2020,4,Vivo,158472,0.14686632895344118
jammu-&-kashmir,2020,4,Oppo,109614,0.10158643660648253
jammu-&-kashmir,2020,4,Realme,53415,0.04950316119597191
jammu-&-kashmir,2020,4,Apple,29701,0.027525852114229366
jammu-&-kashmir,2020,4,OnePlus,13667,0.012666099486386747
jammu-&-kashmir,2020,4,Motorola,12734,0.011801427589057499
jammu-&-kashmir,2020,4,Huawei,11566,0.010718965878360218
jammu-&-kashmir,2020,4,Lenovo,8696,0.00805914985978043
jammu-&-kashmir,2020,4,Others,65639,0.06083193855176262
jammu-&-kashmir,2021,4,Xiaomi,509234,0.34955416286269314
jammu-&-kashmir,2021,4,Samsung,285006,0.19563704257933429
jammu-&-kashmir,2021,4,Vivo,226467,0.15545403999148824
jammu-&-kashmir,2021,4,Oppo,147610,0.10132412600133167
jammu-&-kashmir,2021,4,Realme,107290,0.07364721549138185
jammu-&-kashmir,2021,4,Apple,44648,0.030647785229371022
jammu-&-kashmir,2021,4,OnePlus,23892,0.016400216912294673
jammu-&-kashmir,2021,4,Motorola,13042,0.008952437174374146
jammu-&-kashmir,2021,4,Huawei,12597,0.008646975240422567
jammu-&-kashmir,2021,4,Tecno,9176,0.006298693721212787
jammu-&-kashmir,2021,4,Others,77848,0.053437304796095576
jharkhand,2018,4,Xiaomi,554142,0.28952809087389475
jharkhand,2018,4,Samsung,369713,0.19316763403831555
jharkhand,2018,4,Vivo,255185,0.13332904899764833
jharkhand,2018,4,Oppo,206848,0.10807393509440429
jharkhand,2018,4,Realme,126956,0.06633196600327386
jharkhand,2018,4,Motorola,51123,0.02671074307622617
jharkhand,2018,4,Lenovo,44254,0.02312182822008319
jharkhand,2018,4,Micromax,29297,0.015307095434622343
jharkhand,2018,4,Huawei,26995,0.014104346563048441
jharkhand,2018,4,Apple,26662,0.013930360735839878
jharkhand,2018,4,Others,222774,0.1163949509626432
jharkhand,2019,4,Xiaomi,958796,0.29219372024681145
jharkhand,2019,4,Samsung,618075,0.1883587683318954
jharkhand,2019,4,Vivo,492621,0.15012657818942143
jharkhand,2019,4,Oppo,389871,0.11881344718411908
jharkhand,2019,4,Realme,239962,0.07312857948704977
jharkhand,2019,4,Motorola,71932,0.021921324958378677
jharkhand,2019,4,Lenovo,56013,0.01706999909489052
jharkhand,2019,4,Huawei,48020,0.014634127015811378
jharkhand,2019,4,Apple,40330,0.012290594388747874
jharkhand,2019,4,Gionee,38155,0.011627761688635635
jharkhand,2019,4,Others,327596,0.09983509941423874
jharkhand,2020,4,Xiaomi,1396020,0.2838628709837334
jharkhand,2020,4,Samsung,897105,0.18241486574251242
jharkhand,2020,4,Vivo,825984,0.16795331702026337
jharkhand,2020,4,Oppo,619048,0.12587551937417674
jharkhand,2020,4,Realme,426528,0.08672903155753489
jharkhand,2020,4,Motorola,89524,0.018203564176693564
jharkhand,2020,4,Lenovo,69536,0.014139259177321877
jharkhand,2020,4,Huawei,65253,0.013268365725635419
jharkhand,2020,4,Apple,52483,0.01067174901350932
jharkhand,2020,4,Gionee,44265,0.009000723473943754
jharkhand,2020,4,Others,432192,0.08788073375467523
jharkhand,2021,4,Xiaomi,1792304,0.2717178203922382
jharkhand,2021,4,Vivo,1201048,0.182081915091668
jharkhand,2021,4,Samsung,1090678,0.16534954388862913
jharkhand,2021,4,Oppo,850118,0.1288800393438885
jharkhand,2021,4,Realme,778246,0.11798406232925765
jharkhand,2021,4,Motorola,92683,0.014050977260226956
jharkhand,2021,4,Apple,77092,0.011687342219667215
jharkhand,2021,4,Infinix,74147,0.011240872769699385
jharkhand,2021,4,Tecno,72058,0.010924175085155141
jharkhand,2021,4,OnePlus,69097,0.010475279994712103
jharkhand,2021,4,Others,498725,0.07560797162485772
karnataka,2018,4,Xiaomi,2192270,0.26362700795425387
karnataka,2018,4,Samsung,1679503,0.20196524640678074
karnataka,2018,4,Vivo,1259198,0.15142231621195407
karnataka,2018,4,Oppo,786990,0.0946378954188664
karnataka,2018,4,Apple,409721,0.049270172618347575
karnataka,2018,4,OnePlus,400426,0.04815242113749221
karnataka,2018,4,Motorola,326656,0.03928135855086497
karnataka,2018,4,Realme,271671,0.03266924825771465
karnataka,2018,4,Lenovo,191304,0.023004876739489467
karnataka,2018,4,Huawei,165469,0.01989814091292698
karnataka,2018,4,Others,632594,0.07607131579130913
karnataka,2019,4,Xiaomi,3999086,0.2599270633956209
karnataka,2019,4,Samsung,3116527,0.20256371358434508
karnataka,2019,4,Vivo,2711261,0.1762227943657812
karnataka,2019,4,Oppo,1667783,0.10840025385078961
karnataka,2019,4,Apple,645777,0.041973320708390334
karnataka,2019,4,OnePlus,588307,0.038237965096296386
karnataka,2019,4,Realme,506808,0.03294080576046823
karnataka,2019,4,Motorola,498395,0.03239398921680116
karnataka,2019,4,Huawei,304839,0.019813503905256772
karnataka,2019,4,Lenovo,279895,0.018192228276440493
karnataka,2019,4,Others,1066738,0.06933436183980986
karnataka,2020,4,Xiaomi,5759174,0.2571038931737251
karnataka,2020,4,Samsung,4507034,0.2012052402074233
karnataka,2020,4,Vivo,4315773,0.19266687208166433
karnataka,2020,4,Oppo,2613131,0.11665668609299693
karnataka,2020,4,Realme,827842,0.03695693186778572
karnataka,2020,4,Apple,817087,0.03647680184027076
karnataka,2020,4,OnePlus,698767,0.031194701900189917
karnataka,2020,4,Motorola,629773,0.028114637639997747
karnataka,2020,4,Huawei,412496,0.018414850379340666
karnataka,2020,4,Lenovo,356004,0.015892906584419716
karnataka,2020,4,Others,1463101,0.0653164782321858
karnataka,2021,4,Xiaomi,7306532,0.248018323098655
karnataka,2021,4,Vivo,6391484,0.21695725739542152
karnataka,2021,4,Samsung,5458878,0.18530018996154943
karnataka,2021,4,Oppo,3645496,0.12374541092584751
karnataka,2021,4,Realme,1586292,0.05384626821381357
karnataka,2021,4,Apple,1120969,0.03805100034128041
karnataka,2021,4,OnePlus,1018047,0.03455733989471564
karnataka,2021,4,Motorola,606099,0.020573872476268046
karnataka,2021,4,Huawei,403084,0.01368258125029744
karnataka,2021,4,Lenovo,295548,0.010032299777125631
karnataka,2021,4,Others,1627217,0.05523545666502578
kerala,2018,4,Xiaomi,453011,0.25778426996470777
kerala,2018,4,Samsung,360358,0.20506041565423833
kerala,2018,4,Vivo,159235,0.09061210042985764
kerala,2018,4,Oppo,155311,0.08837916243201319
kerala,2018,4,Apple,119247,0.06785707375865377
kerala,2018,4,Huawei,94927,0.054017865780168275
kerala,2018,4,Realme,82116,0.04672781259709354
kerala,2018,4,OnePlus,62694,0.03567579379124875
kerala,2018,4,Motorola,55176,0.031397703101188966
kerala,2018,4,Lenovo,51340,0.029214841184845613
kerala,2018,4,Others,163911,0.09327296130598421
kerala,2019,4,Xiaomi,865305,0.24695214355961778
kerala,2019,4,Samsung,732411,0.20902510261311702
kerala,2019,4,Vivo,370217,0.10565740603857716
kerala,2019,4,Oppo,354067,0.10104830622003015
kerala,2019,4,Huawei,219873,0.06275025414262467
kerala,2019,4,Apple,216607,0.06181816002452098
kerala,2019,4,Realme,169629,0.048410959326335115
kerala,2019,4,OnePlus,96332,0.027492495586394508
kerala,2019,4,Motorola,92194,0.026311538617407045
kerala,2019,4,Lenovo,84283,0.024053793189263054
kerala,2019,4,Others,303020,0.08647984068211252
kerala,2020,4,Xiaomi,1466789,0.22964618597065461
kerala,2020,4,Samsung,1399186,0.21906199757670416
kerala,2020,4,Vivo,811546,0.12705879553210506
kerala,2020,4,Oppo,707082,0.11070350573156902
kerala,2020,4,Huawei,402396,0.06300068152259632
kerala,2020,4,Apple,364712,0.05710072803772689
kerala,2020,4,Realme,332456,0.05205060332676339
kerala,2020,4,Lenovo,139386,0.021822813831918336
kerala,2020,4,Motorola,134213,0.02101290884897519
kerala,2020,4,OnePlus,127085,0.019896921468650665
kerala,2020,4,Others,502318,0.07864485815233635
kerala,2021,4,Xiaomi,1989367,0.2347665335899672
kerala,2021,4,Samsung,1752657,0.20683222777003496
kerala,2021,4,Vivo,1227761,0.1448888988542344
kerala,2021,4,Oppo,961805,0.11350325296413302
kerala,2021,4,Realme,622033,0.07340653141857087
kerala,2021,4,Apple,507548,0.05989607980353583
kerala,2021,4,Huawei,412197,0.04864364435832288
kerala,2021,4,OnePlus,185990,0.02194880461091292
kerala,2021,4,Motorola,137360,0.01620994570329049
kerala,2021,4,Lenovo,125313,0.014788271155477878
kerala,2021,4,Others,551779,0.06511580977151954
ladakh,2018,4,Xiaomi,6734,0.2819578779885274
ladakh,2018,4,Vivo,4711,0.19725327638906334
ladakh,2018,4,Samsung,4481,0.18762299543608424
ladakh,2018,4,Oppo,3307,0.13846669178913873
ladakh,2018,4,Realme,1087,0.045513545199514296
ladakh,2018,4,Apple,591,0.024745634970481094
ladakh,2018,4,OnePlus,555,0.023238286647406105
ladakh,2018,4,Motorola,486,0.020349202361512372
ladakh,2018,4,Lenovo,349,0.014612904576476992
ladakh,2018,4,Huawei,278,0.011640078717079094
ladakh,2018,4,Others,1304,0.054599505924716324
ladakh,2019,4,Xiaomi,12590,0.29205715876403454
ladakh,2019,4,Vivo,8910,0.20669017351767655
ladakh,2019,4,Samsung,7684,0.17824997680244967
ladakh,2019,4,Oppo,6141,0.1424561566298599
ladakh,2019,4,Realme,2003,0.04646469332838452
ladakh,2019,4,Apple,1058,0.02454300825832792
ladakh,2019,4,OnePlus,954,0.02213046302310476
ladakh,2019,4,Motorola,752,0.017444557854690543
ladakh,2019,4,Huawei,607,0.01408091305558133
ladakh,2019,4,Lenovo,433,0.010044539296650274
ladakh,2019,4,Others,1976,0.045838359469240045
ladakh,2020,4,Xiaomi,18866,0.2909040445314789
ladakh,2020,4,Vivo,13750,0.2120179482830401
ladakh,2020,4,Samsung,11484,0.1770773904059951
ladakh,2020,4,Oppo,9683,0.1493068940527038
ladakh,2020,4,Realme,3480,0.05365981527454397
ladakh,2020,4,Apple,1484,0.022882518927420475
ladakh,2020,4,OnePlus,1397,0.021541023545556873
ladakh,2020,4,Huawei,924,0.014247606124620294
ladakh,2020,4,Motorola,912,0.014062572278846006
ladakh,2020,4,Lenovo,524,0.00807981126547731
ladakh,2020,4,Others,2349,0.03622037531031718
ladakh,2021,4,Xiaomi,23462,0.2695015909117015
ladakh,2021,4,Vivo,19473,0.22368103656225233
ladakh,2021,4,Samsung,14073,0.16165271029325615
ladakh,2021,4,Oppo,12900,0.14817877942037974
ladakh,2021,4,Realme,6879,0.07901719563044901
ladakh,2021,4,OnePlus,2678,0.030761455138587364
ladakh,2021,4,Apple,2358,0.027085702470794996
ladakh,2021,4,Huawei,958,0.011004284549203396
ladakh,2021,4,Motorola,912,0.010475895103208243
ladakh,2021,4,Lenovo,449,0.005157540461996163
ladakh,2021,4,Others,2915,0.03348380945817108
lakshadweep,2018,4,Xiaomi,245,0.21193771626297578
lakshadweep,2018,4,Samsung,198,0.17128027681660898
lakshadweep,2018,4,Vivo,190,0.1643598615916955
lakshadweep,2018,4,Oppo,153,0.1323529411764706
lakshadweep,2018,4,Huawei,62,0.05363321799307959
lakshadweep,2018,4,Realme,55,0.04757785467128028
lakshadweep,2018,4,Apple,51,0.04411764705882353
lakshadweep,2018,4,OnePlus,47,0.04065743944636678
lakshadweep,2018,4,Lenovo,24,0.020761245674740483
lakshadweep,2018,4,Motorola,18,0.015570934256055362
lakshadweep,2018,4,Others,113,0.09775086505190311
lakshadweep,2019,4,Xiaomi,496,0.20436753193242688
lakshadweep,2019,4,Vivo,462,0.1903584672435105
lakshadweep,2019,4,Samsung,394,0.16234033786567778
lakshadweep,2019,4,Oppo,371,0.15286361763494025
lakshadweep,2019,4,Huawei,202,0.08323032550473836
lakshadweep,2019,4,Realme,124,0.05109188298310672
lakshadweep,2019,4,Apple,72,0.029666254635352288
lakshadweep,2019,4,OnePlus,70,0.0288421920065925
lakshadweep,2019,4,Motorola,37,0.015245158632056036
lakshadweep,2019,4,Lenovo,35,0.01442109600329625
lakshadweep,2019,4,Others,164,0.06757313555830242
lakshadweep,2020,4,Vivo,934,0.22349844460397225
lakshadweep,2020,4,Xiaomi,838,0.2005264417324719
lakshadweep,2020,4,Oppo,639,0.15290739411342427
lakshadweep,2020,4,Samsung,635,0.15195022732711175
lakshadweep,2020,4,Huawei,346,0.08279492701603254
lakshadweep,2020,4,Realme,272,0.06508734146925102
lakshadweep,2020,4,Apple,101,0.024168461354391
lakshadweep,2020,4,OnePlus,97,0.023211294568078487
lakshadweep,2020,4,Lenovo,52,0.012443168222062694
lakshadweep,2020,4,Motorola,47,0.01124670973917205
lakshadweep,2020,4,Others,218,0.052165589854032066
lakshadweep,2021,4,Vivo,1354,0.24015608371763036
lakshadweep,2021,4,Xiaomi,1146,0.2032635686413622
lakshadweep,2021,4,Oppo,899,0.15945370698829373
lakshadweep,2021,4,Samsung,776,0.1376374600922313
lakshadweep,2021,4,Realme,448,0.07946080170273147
lakshadweep,2021,4,Huawei,396,0.07023767293366442
lakshadweep,2021,4,Apple,151,0.02678254700248315
lakshadweep,2021,4,OnePlus,143,0.025363604114934372
lakshadweep,2021,4,Motorola,46,0.008158921603405462
lakshadweep,2021,4,Lenovo,45,0.007981553742461865
lakshadweep,2021,4,Others,234,0.0415040794608017
madhya-pradesh,2018,4,Xiaomi,1416415,0.26398850271794944
madhya-pradesh,2018,4,Samsung,1015220,0.18921460710972182
madhya-pradesh,2018,4,Vivo,905510,0.16876708386746142
madhya-pradesh,2018,4,Oppo,579831,0.10806770439415803
madhya-pradesh,2018,4,Realme,294612,0.05490917616852442
madhya-pradesh,2018,4,Motorola,117954,0.021984022937905207
madhya-pradesh,2018,4,Micromax,103324,0.019257313749733947
madhya-pradesh,2018,4,Apple,100071,0.018651026327374334
madhya-pradesh,2018,4,OnePlus,90958,0.016952564206266698
madhya-pradesh,2018,4,Lenovo,84373,0.015725265504687218
madhya-pradesh,2018,4,Others,657174,0.1224827330162175
madhya-pradesh,2019,4,Xiaomi,2450683,0.2673888226179759
madhya-pradesh,2019,4,Vivo,1711918,0.186783740874899
madhya-pradesh,2019,4,Samsung,1704518,0.18597634257517068
madhya-pradesh,2019,4,Oppo,1069906,0.11673517368501275
madhya-pradesh,2019,4,Realme,529253,0.05774567193595891
madhya-pradesh,2019,4,Motorola,165303,0.018035859613511528
madhya-pradesh,2019,4,Apple,150743,0.016447248904856947
madhya-pradesh,2019,4,Micromax,136341,0.014875877240980351
madhya-pradesh,2019,4,OnePlus,127622,0.013924565649719414
madhya-pradesh,2019,4,Huawei,125734,0.013718569975410358
madhya-pradesh,2019,4,Others,993220,0.10836812692650417
madhya-pradesh,2020,4,Xiaomi,3563397,0.25938351632889545
madhya-pradesh,2020,4,Vivo,2853943,0.20774159341275666
madhya-pradesh,2020,4,Samsung,2466332,0.17952697007784352
madhya-pradesh,2020,4,Oppo,1703093,0.12396997892043113
madhya-pradesh,2020,4,Realme,905866,0.06593896453378369
madhya-pradesh,2020,4,Motorola,206156,0.015006317901794205
madhya-pradesh,2020,4,Apple,195195,0.01420845487320631
madhya-pradesh,2020,4,Huawei,166594,0.012126557192279166
madhya-pradesh,2020,4,Micromax,164239,0.011955134198727074
madhya-pradesh,2020,4,Tecno,157894,0.011493274795717294
madhya-pradesh,2020,4,Others,1355238,0.09864923776456555
madhya-pradesh,2021,4,Xiaomi,4500562,0.24385038710207707
madhya-pradesh,2021,4,Vivo,4248158,0.23017458103472088
madhya-pradesh,2021,4,Samsung,2921496,0.15829310439833286
madhya-pradesh,2021,4,Oppo,2400977,0.13009023559128474
madhya-pradesh,2021,4,Realme,1682298,0.0911506204160836
madhya-pradesh,2021,4,Tecno,350126,0.018970599812757127
madhya-pradesh,2021,4,Apple,293413,0.01589776424161732
madhya-pradesh,2021,4,OnePlus,264637,0.014338617019726062
madhya-pradesh,2021,4,Motorola,211860,0.011479042619887482
madhya-pradesh,2021,4,Huawei,174122,0.009434314448503955
madhya-pradesh,2021,4,Others,1408594,0.07632073331500891
maharashtra,2018,4,Xiaomi,3540182,0.26455591789383665
maharashtra,2018,4,Samsung,2956289,0.2209219045671811
maharashtra,2018,4,Vivo,1906545,0.14247509378921897
maharashtra,2018,4,Oppo,1510894,0.1129083049996555
maharashtra,2018,4,Realme,492198,0.0367816947477589
maharashtra,2018,4,Apple,470804,0.0351829325068852
maharashtra,2018,4,Motorola,466650,0.03487250629633134
maharashtra,2018,4,OnePlus,454556,0.03396872810893643
maharashtra,2018,4,Lenovo,269382,0.020130773580024276
maharashtra,2018,4,Huawei,175714,0.0131310137605348
maharashtra,2018,4,Others,1138388,0.08507112974963685
maharashtra,2019,4,Xiaomi,6103857,0.2570554076455645
maharashtra,2019,4,Samsung,5262077,0.22160501930129575
maharashtra,2019,4,Vivo,3869506,0.16295883770162992
maharashtra,2019,4,Oppo,2994940,0.12612771278455687
maharashtra,2019,4,Realme,901700,0.0379738354083337
maharashtra,2019,4,Apple,765131,0.03222242282334898
maharashtra,2019,4,OnePlus,681386,0.028695619178820967
maharashtra,2019,4,Motorola,672128,0.02830573144652602
maharashtra,2019,4,Lenovo,367641,0.015482686950599102
maharashtra,2019,4,Huawei,311865,0.013133758655450804
maharashtra,2019,4,Others,1815066,0.07643896810387336
maharashtra,2020,4,Xiaomi,8584570,0.24931495940580317
maharashtra,2020,4,Samsung,7578573,0.2200985745178752
maharashtra,2020,4,Vivo,6188503,0.17972785756627194
maharashtra,2020,4,Oppo,4665421,0.13549417702062908
maharashtra,2020,4,Realme,1504255,0.04368690269413336
maharashtra,2020,4,Apple,983306,0.02855738790335249
maharashtra,2020,4,OnePlus,822805,0.023896082759403428
maharashtra,2020,4,Motorola,813317,0.023620530188355342
maharashtra,2020,4,Lenovo,444638,0.012913274039384326
maharashtra,2020,4,Huawei,413761,0.012016537452511253
maharashtra,2020,4,Others,2433482,0.07067371645228039
maharashtra,2021,4,Xiaomi,10876133,0.23912783081917255
maharashtra,2021,4,Vivo,9147706,0.20112581307635072
maharashtra,2021,4,Samsung,9133368,0.20081057099184466
maharashtra,2021,4,Oppo,6511923,0.14317423494650888
maharashtra,2021,4,Realme,2837580,0.06238838290924427
maharashtra,2021,4,Apple,1382079,0.030387045955647212
maharashtra,2021,4,OnePlus,1264294,0.02779736894884376
maharashtra,2021,4,Motorola,794353,0.017465022705653026
maharashtra,2021,4,Tecno,485180,0.010667398142046087
maharashtra,2021,4,Huawei,420624,0.009248039235129216
maharashtra,2021,4,Others,2629266,0.05780829226955964
manipur,2018,4,Xiaomi,36506,0.442020123745293
manipur,2018,4,Samsung,15215,0.18422550218552108
manipur,2018,4,Vivo,7945,0.09619925171633026
manipur,2018,4,Oppo,6107,0.07394447202411944
manipur,2018,4,Realme,2561,0.03100897213914686
manipur,2018,4,Apple,2195,0.026577389240697913
manipur,2018,4,OnePlus,1217,0.014735618544842533
manipur,2018,4,Motorola,1091,0.013209991645376503
manipur,2018,4,Huawei,1063,0.012870963445495162
manipur,2018,4,Lenovo,1045,0.012653016745571444
manipur,2018,4,Others,7644,0.09255469856760586
manipur,2019,4,Xiaomi,71382,0.45946780983277336
manipur,2019,4,Samsung,27196,0.17505374682990255
manipur,2019,4,Vivo,17057,0.10979157816140785
manipur,2019,4,Oppo,12455,0.08016967262709356
manipur,2019,4,Realme,5083,0.03271798040654488
manipur,2019,4,Apple,4146,0.02668674931448654
manipur,2019,4,Huawei,2110,0.013581534262799469
manipur,2019,4,OnePlus,1880,0.012101082660693365
manipur,2019,4,Motorola,1694,0.010903847886816257
manipur,2019,4,Gionee,1532,0.00986109501924587
manipur,2019,4,Others,10823,0.06966490299823633
manipur,2020,4,Xiaomi,137767,0.47707880265399694
manipur,2020,4,Samsung,48641,0.168440846065408
manipur,2020,4,Vivo,34019,0.11780574293906611
manipur,2020,4,Oppo,24639,0.08532336930173286
manipur,2020,4,Realme,11096,0.038424778025570344
manipur,2020,4,Apple,6525,0.022595681021705706
manipur,2020,4,Huawei,3448,0.01194021581039713
manipur,2020,4,OnePlus,2688,0.009308381699056695
manipur,2020,4,Motorola,2319,0.00803055697920851
manipur,2020,4,Lenovo,2118,0.007334506115551369
manipur,2020,4,Others,15512,0.053717119388306346
manipur,2021,4,Xiaomi,183086,0.4721802417046211
manipur,2021,4,Samsung,60028,0.15481268665569728
manipur,2021,4,Vivo,48425,0.12488845790801195
manipur,2021,4,Oppo,34483,0.08893192966529635
manipur,2021,4,Realme,21355,0.05507471385907269
manipur,2021,4,Apple,9391,0.024219463256874345
manipur,2021,4,OnePlus,4695,0.012108442124483554
manipur,2021,4,Huawei,4031,0.01039598087407736
manipur,2021,4,HMD Global,2508,0.006468151831353515
manipur,2021,4,Motorola,2358,0.006081300645267778
manipur,2021,4,Others,17386,0.044838631475244105
meghalaya,2018,4,Xiaomi,12391,0.2496474191078696
meghalaya,2018,4,Samsung,9662,0.19466494741507837
meghalaya,2018,4,Vivo,6164,0.12418906394810009
meghalaya,2018,4,Oppo,5306,0.10690252649393561
meghalaya,2018,4,Realme,2710,0.05459966958133537
meghalaya,2018,4,Motorola,1447,0.029153402909296047
meghalaya,2018,4,Lenovo,1261,0.02540597171293871
meghalaya,2018,4,Apple,1138,0.022927831728250796
meghalaya,2018,4,Asus,1055,0.02125559092557521
meghalaya,2018,4,Micromax,1051,0.02117500100737398
meghalaya,2018,4,Others,7449,0.1500785751702462
meghalaya,2019,4,Xiaomi,24747,0.2473957812656203
meghalaya,2019,4,Samsung,19042,0.1903628911326602
meghalaya,2019,4,Vivo,14054,0.14049785064480655
meghalaya,2019,4,Oppo,12145,0.12141357592722184
meghalaya,2019,4,Realme,5932,0.05930220933719884
meghalaya,2019,4,Motorola,2238,0.02237328801359592
meghalaya,2019,4,Huawei,2178,0.021773467959612117
meghalaya,2019,4,Apple,2052,0.020513845846246125
meghalaya,2019,4,Micromax,1999,0.019984004798560433
meghalaya,2019,4,Asus,1825,0.0182445266420074
meghalaya,2019,4,Others,13818,0.13813855843247025
meghalaya,2020,4,Xiaomi,41993,0.23799214495004165
meghalaya,2020,4,Samsung,33436,0.18949599596479397
meghalaya,2020,4,Vivo,27150,0.1538705673658379
meghalaya,2020,4,Oppo,23405,0.1326460636905133
meghalaya,2020,4,Realme,13219,0.07491768066331533
meghalaya,2020,4,Huawei,3369,0.01909355217147359
meghalaya,2020,4,Apple,3096,0.017546345361496653
meghalaya,2020,4,Micromax,3067,0.01738199005933793
meghalaya,2020,4,Motorola,3016,0.017092951424507077
meghalaya,2020,4,Asus,2832,0.016050145369431047
meghalaya,2020,4,Others,21864,0.12391256297925156
meghalaya,2021,4,Xiaomi,57355,0.23871260425857793
meghalaya,2021,4,Samsung,41499,0.17271962974678276
meghalaya,2021,4,Vivo,38748,0.16126991526129156
meghalaya,2021,4,Oppo,31903,0.13278089466762116
meghalaya,2021,4,Realme,24878,0.10354271063978557
meghalaya,2021,4,Apple,4556,0.018962158922536502
meghalaya,2021,4,Huawei,3875,0.016127823929944895
meghalaya,2021,4,Motorola,3123,0.012997985582765912
meghalaya,2021,4,Asus,3113,0.012956365391978957
meghalaya,2021,4,HMD Global,3095,0.012881449048562438
meghalaya,2021,4,Others,28123,0.11704846255015233
mizoram,2018,4,Xiaomi,6297,0.3251742835011619
mizoram,2018,4,Samsung,3094,0.1597727859540408
mizoram,2018,4,Vivo,2757,0.14237025561580172
mizoram,2018,4,Oppo,2012,0.10389878647043635
mizoram,2018,4,Apple,792,0.04089852827265685
mizoram,2018,4,Realme,738,0.03810999225406662
mizoram,2018,4,Gionee,544,0.02809191840950168
mizoram,2018,4,Huawei,426,0.021998450813323005
mizoram,2018,4,Motorola,333,0.017195972114639815
mizoram,2018,4,Asus,315,0.016266460108443067
mizoram,2018,4,Others,2057,0.10622256648592822
mizoram,2019,4,Xiaomi,12924,0.32465020472757417
mizoram,2019,4,Vivo,6726,0.16895676856992137
mizoram,2019,4,Samsung,5945,0.1493380893767741
mizoram,2019,4,Oppo,4544,0.11414504257831144
mizoram,2019,4,Realme,1585,0.039815117184556256
mizoram,2019,4,Apple,1442,0.036222964656233515
mizoram,2019,4,Gionee,1002,0.025170187646009697
mizoram,2019,4,Huawei,936,0.023512271094476123
mizoram,2019,4,Asus,592,0.014871009068301138
mizoram,2019,4,Motorola,503,0.012635333718505866
mizoram,2019,4,Others,3610,0.09068301137933633
mizoram,2020,4,Xiaomi,24925,0.31658431875627135
mizoram,2020,4,Vivo,15062,0.191309649312215
mizoram,2020,4,Samsung,11008,0.13981786081721304
mizoram,2020,4,Oppo,10055,0.12771335306296122
mizoram,2020,4,Realme,3782,0.04803698670155339
mizoram,2020,4,Apple,2443,0.03102970875512822
mizoram,2020,4,Huawei,1625,0.020639900420418893
mizoram,2020,4,Gionee,1501,0.019064917249876162
mizoram,2020,4,Asus,1064,0.013514371721431202
mizoram,2020,4,OnePlus,711,0.009030750276257129
mizoram,2020,4,Others,6555,0.08325818292667438
mizoram,2021,4,Xiaomi,33819,0.31196900511969006
mizoram,2021,4,Vivo,22023,0.20315483603154835
mizoram,2021,4,Samsung,14081,0.12989253263225867
mizoram,2021,4,Oppo,13819,0.12747566994142337
mizoram,2021,4,Realme,7453,0.06875144135418108
mizoram,2021,4,Apple,3532,0.0325815229924819
mizoram,2021,4,Huawei,1796,0.016567501499008347
mizoram,2021,4,Gionee,1559,0.014381255477145888
mizoram,2021,4,OnePlus,1163,0.010728287440616208
mizoram,2021,4,Asus,1159,0.010691388773580555
mizoram,2021,4,Others,8001,0.07380655873806559
nagaland,2018,4,Xiaomi,12421,0.2888806195781101
nagaland,2018,4,Samsung,6536,0.1520106053910738
nagaland,2018,4,Vivo,6312,0.14680093960043725
nagaland,2018,4,Oppo,4430,0.10303044398446404
nagaland,2018,4,Realme,2036,0.04735214084703584
nagaland,2018,4,Gionee,1152,0.026792566923273718
nagaland,2018,4,Apple,1148,0.026699537177012348
nagaland,2018,4,Lenovo,1024,0.02381561504290997
nagaland,2018,4,Huawei,849,0.019745563643975162
nagaland,2018,4,Asus,840,0.019536246714887084
nagaland,2018,4,Others,6249,0.14533572109682072
nagaland,2019,4,Xiaomi,27943,0.3000622825480005
nagaland,2019,4,Vivo,14840,0.1593574159185602
nagaland,2019,4,Samsung,13324,0.14307804647566685
nagaland,2019,4,Oppo,10459,0.11231261543748121
nagaland,2019,4,Realme,4629,0.04970791632661827
nagaland,2019,4,Gionee,2287,0.024558652978823935
nagaland,2019,4,Apple,2200,0.0236244147588162
nagaland,2019,4,Huawei,2151,0.023098234611915295
nagaland,2019,4,Asus,1783,0.01914651432498604
nagaland,2019,4,Lenovo,1598,0.017159915811176495
nagaland,2019,4,Others,11910,0.127893990807955
nagaland,2020,4,Xiaomi,60222,0.3133494286844132
nagaland,2020,4,Vivo,32251,0.16780964472287552
nagaland,2020,4,Samsung,25567,0.13303119861801985
nagaland,2020,4,Oppo,22237,0.1157044144275397
nagaland,2020,4,Realme,11862,0.06172081503527796
nagaland,2020,4,Huawei,4083,0.021244822777696837
nagaland,2020,4,Apple,3816,0.019855558099361043
nagaland,2020,4,Gionee,3711,0.019309218057318875
nagaland,2020,4,Asus,3257,0.016946947780298458
nagaland,2020,4,Micromax,2988,0.015547276624971382
nagaland,2020,4,Others,22194,0.1154806751722272
nagaland,2021,4,Xiaomi,81701,0.31424670179622294
nagaland,2021,4,Vivo,45835,0.1762952421246971
nagaland,2021,4,Samsung,32050,0.12327397207584907
nagaland,2021,4,Oppo,30262,0.11639678449171122
nagaland,2021,4,Realme,21734,0.0835955229047271
nagaland,2021,4,Apple,5329,0.020496942190084234
nagaland,2021,4,Huawei,4595,0.017673756682949345
nagaland,2021,4,Gionee,3855,0.014827493365129427
nagaland,2021,4,Asus,3465,0.013327435670602716
nagaland,2021,4,Infinix,3191,0.01227354898265318
nagaland,2021,4,Others,27973,0.10759259971537367
odisha,2018,4,Xiaomi,1029813,0.28417171393006063
odisha,2018,4,Samsung,654448,0.1805916315273747
odisha,2018,4,Vivo,483043,0.13329328452050837
odisha,2018,4,Oppo,420246,0.11596476845043932
odisha,2018,4,Realme,224527,0.061957095524696935
odisha,2018,4,Motorola,110238,0.03041962123241989
odisha,2018,4,Lenovo,100977,0.027864094896370248
odisha,2018,4,Micromax,90586,0.02499675074801782
odisha,2018,4,Huawei,58827,0.016233014552509705
odisha,2018,4,OnePlus,53143,0.01466454336213003
odisha,2018,4,Others,398063,0.10984348125547233
odisha,2019,4,Xiaomi,1777383,0.29063400319546756
odisha,2019,4,Samsung,1091395,0.17846265994302707
odisha,2019,4,Vivo,904183,0.14785013973425393
odisha,2019,4,Oppo,770634,0.12601248263235101
odisha,2019,4,Realme,403826,0.06603279483060931
odisha,2019,4,Motorola,157752,0.0257952817553062
odisha,2019,4,Lenovo,130673,0.02136737951221618
odisha,2019,4,Micromax,114255,0.018682742006139445
odisha,2019,4,Huawei,106292,0.017380648665848968
odisha,2019,4,OnePlus,72420,0.011841969069927955
odisha,2019,4,Others,586724,0.09593989865485239
odisha,2020,4,Xiaomi,2445630,0.28441688798756937
odisha,2020,4,Samsung,1510338,0.17564620722242102
odisha,2020,4,Vivo,1383491,0.16089441361890813
odisha,2020,4,Oppo,1143995,0.1330419964480888
odisha,2020,4,Realme,663117,0.07711782792640466
odisha,2020,4,Motorola,193546,0.022508617821355683
odisha,2020,4,Lenovo,159900,0.018595723960375177
odisha,2020,4,Huawei,139630,0.01623840485670535
odisha,2020,4,Micromax,125854,0.014636311715503798
odisha,2020,4,OnePlus,84632,0.009842359663630219
odisha,2020,4,Others,748618,0.08706124877903779
odisha,2021,4,Xiaomi,3105043,0.2723904718167491
odisha,2021,4,Vivo,2017533,0.17698845580427108
odisha,2021,4,Samsung,1803261,0.15819140494954267
odisha,2021,4,Oppo,1574160,0.1380934773254521
odisha,2021,4,Realme,1250982,0.10974262746579047
odisha,2021,4,Motorola,194973,0.017104042508115678
odisha,2021,4,OnePlus,144365,0.012664446342232615
odisha,2021,4,Huawei,140106,0.012290824779031224
odisha,2021,4,Lenovo,138057,0.012111075874828443
odisha,2021,4,Micromax,116563,0.01022551074699311
odisha,2021,4,Others,914192,0.08019766238699351
puducherry,2018,4,Xiaomi,26240,0.23964783458454345
puducherry,2018,4,Samsung,21223,0.19382797230898496
puducherry,2018,4,Vivo,16096,0.14700348877564068
puducherry,2018,4,Oppo,9310,0.08502749009078123
puducherry,2018,4,Apple,4752,0.0433996383363472
puducherry,2018,4,OnePlus,4517,0.041253402012895686
puducherry,2018,4,Realme,4429,0.04044970500666703
puducherry,2018,4,Motorola,4280,0.03908889984839352
puducherry,2018,4,Huawei,4264,0.03894277311998831
puducherry,2018,4,Lenovo,3517,0.032120481487570095
puducherry,2018,4,Others,10866,0.09923831442818784
puducherry,2019,4,Xiaomi,47168,0.23088520353219902
puducherry,2019,4,Samsung,39943,0.19551915885105633
puducherry,2019,4,Vivo,35132,0.17196953380455426
puducherry,2019,4,Oppo,19967,0.09773755213126309
puducherry,2019,4,Realme,8502,0.04161690129814188
puducherry,2019,4,Huawei,8456,0.04139173340121003
puducherry,2019,4,Apple,7844,0.0383960213811603
puducherry,2019,4,OnePlus,6844,0.03350106710003328
puducherry,2019,4,Motorola,6840,0.03348148728290878
puducherry,2019,4,Lenovo,5250,0.025698509975916824
puducherry,2019,4,Others,18346,0.0898028312415562
puducherry,2020,4,Xiaomi,71555,0.22387102425960342
puducherry,2020,4,Samsung,63620,0.19904513400036292
puducherry,2020,4,Vivo,61208,0.191498814239142
puducherry,2020,4,Oppo,33860,0.10593631306589577
puducherry,2020,4,Realme,14505,0.045381164235700475
puducherry,2020,4,Huawei,12870,0.04026581066621614
puducherry,2020,4,Apple,10885,0.034055427280634244
puducherry,2020,4,Motorola,9137,0.028586535513381264
puducherry,2020,4,OnePlus,8651,0.02706600839731436
puducherry,2020,4,Lenovo,6934,0.021694104985201454
puducherry,2020,4,Others,26401,0.08259966335654796
puducherry,2021,4,Xiaomi,95031,0.2245709140835651
puducherry,2021,4,Vivo,91633,0.21654098736432661
puducherry,2021,4,Samsung,78438,0.1853594443801147
puducherry,2021,4,Oppo,47542,0.1123480800724064
puducherry,2021,4,Realme,26683,0.06305548400513272
puducherry,2021,4,Apple,15236,0.0360046979088634
puducherry,2021,4,Huawei,12678,0.029959803103739184
puducherry,2021,4,OnePlus,12298,0.02906181247592558
puducherry,2021,4,Motorola,9210,0.021764457058324492
puducherry,2021,4,Lenovo,6149,0.01453090623796279
puducherry,2021,4,Others,28269,0.06680341330963899
punjab,2018,4,Xiaomi,469664,0.251734053700592
punjab,2018,4,Samsung,423578,0.2270325317639618
punjab,2018,4,Vivo,281873,0.15108041689111146
punjab,2018,4,Oppo,228350,0.12239275559236003
punjab,2018,4,Apple,137548,0.07372401465389944
punjab,2018,4,Realme,60545,0.03245136583025811
punjab,2018,4,OnePlus,31147,0.016694404022050528
punjab,2018,4,Motorola,28376,0.015209182538597803
punjab,2018,4,Lenovo,21785,0.011676488638404044
punjab,2018,4,Huawei,21263,0.011396703140619012
punjab,2018,4,Others,161586,0.08660808322814578
punjab,2019,4,Xiaomi,818456,0.24639360913641095
punjab,2019,4,Samsung,760808,0.229038859730828
punjab,2019,4,Vivo,563524,0.1696471309331068
punjab,2019,4,Oppo,446759,0.13449539428408347
punjab,2019,4,Apple,240275,0.07233403437112214
punjab,2019,4,Realme,109206,0.03287612343162112
punjab,2019,4,OnePlus,44151,0.013291519931409484
punjab,2019,4,Motorola,38939,0.011722463695253876
punjab,2019,4,Huawei,38449,0.011574950733681304
punjab,2019,4,Lenovo,27158,0.008175830633444741
punjab,2019,4,Others,234017,0.07045008311903814
punjab,2020,4,Xiaomi,1219022,0.23634222512092207
punjab,2020,4,Samsung,1169264,0.22669521593030298
punjab,2020,4,Vivo,979161,0.18983832079456087
punjab,2020,4,Oppo,750319,0.145470764277023
punjab,2020,4,Apple,356113,0.06904267422120923
punjab,2020,4,Realme,189809,0.03679989484027121
punjab,2020,4,Huawei,53936,0.0104570337976854
punjab,2020,4,OnePlus,53667,0.010404880466115068
punjab,2020,4,Motorola,46455,0.009006628320073333
punjab,2020,4,HMD Global,32870,0.006372788136493605
punjab,2020,4,Others,307252,0.05956957409534327
punjab,2021,4,Xiaomi,1548508,0.22507046769503306
punjab,2021,4,Samsung,1427734,0.2075163700310882
punjab,2021,4,Vivo,1424349,0.20702437158280915
punjab,2021,4,Oppo,1041175,0.15133131001091119
punjab,2021,4,Apple,497157,0.07226011005939882
punjab,2021,4,Realme,350868,0.05099749233405372
punjab,2021,4,OnePlus,80227,0.011660726590866444
punjab,2021,4,Tecno,62454,0.0090774803807443
punjab,2021,4,Huawei,58314,0.008475745203233149
punjab,2021,4,Motorola,48503,0.00704974910986071
punjab,2021,4,Others,340814,0.049536177002001275
rajasthan,2018,4,Xiaomi,1482976,0.2332186040689206
rajasthan,2018,4,Samsung,1317264,0.2071580870292187
rajasthan,2018,4,Vivo,1200927,0.1888624755415304
rajasthan,2018,4,Oppo,760058,0.11952969284156699
rajasthan,2018,4,Realme,293498,0.04615664303199786
rajasthan,2018,4,Apple,166540,0.02619073155711086
rajasthan,2018,4,OnePlus,117138,0.018421579879529554
rajasthan,2018,4,Huawei,115507,0.018165082442459495
rajasthan,2018,4,Motorola,107515,0.01690822927442521
rajasthan,2018,4,Gionee,106066,0.01668035386895953
rajasthan,2018,4,Others,691249,0.10870852046428081
rajasthan,2019,4,Xiaomi,2527395,0.23133984699906116
rajasthan,2019,4,Vivo,2262135,0.20705982436113912
rajasthan,2019,4,Samsung,2211270,0.2024040023318927
rajasthan,2019,4,Oppo,1410408,0.12909876411334667
rajasthan,2019,4,Realme,530557,0.04856343199392295
rajasthan,2019,4,Apple,250014,0.022884511723582295
rajasthan,2019,4,Huawei,204976,0.0187620520252986
rajasthan,2019,4,OnePlus,162057,0.014833550586721447
rajasthan,2019,4,Gionee,157774,0.014441515085861084
rajasthan,2019,4,Motorola,147914,0.013539000484300685
rajasthan,2019,4,Others,1060531,0.0970735002948733
rajasthan,2020,4,Vivo,3720519,0.22784043400242532
rajasthan,2020,4,Xiaomi,3613815,0.22130600005119572
rajasthan,2020,4,Samsung,3222360,0.19733373244755778
rajasthan,2020,4,Oppo,2201891,0.13484134903384024
rajasthan,2020,4,Realme,880750,0.05393614768467413
rajasthan,2020,4,Apple,323405,0.019804961500950367
rajasthan,2020,4,Huawei,283175,0.017341321170147708
rajasthan,2020,4,Tecno,259273,0.015877589348451335
rajasthan,2020,4,OnePlus,195918,0.011997799809351103
rajasthan,2020,4,Gionee,188604,0.01154989860677863
rajasthan,2020,4,Others,1439784,0.0881707663446277
rajasthan,2021,4,Vivo,5751824,0.26171775642777456
rajasthan,2021,4,Xiaomi,4469665,0.203377345305376
rajasthan,2021,4,Samsung,3782393,0.17210530257673384
rajasthan,2021,4,Oppo,3095179,0.1408358989465538
rajasthan,2021,4,Realme,1624796,0.07393097629079444
rajasthan,2021,4,Tecno,521804,0.023742967826386633
rajasthan,2021,4,Apple,462924,0.021063827870354015
rajasthan,2021,4,OnePlus,336937,0.015331205491945698
rajasthan,2021,4,Huawei,287470,0.01308037301563684
rajasthan,2021,4,Motorola,189233,0.00861042274626224
rajasthan,2021,4,Others,1454977,0.06620392350218195
sikkim,2018,4,Samsung,14281,0.2942230829453212
sikkim,2018,4,Xiaomi,11024,0.22712101858337796
sikkim,2018,4,Vivo,6387,0.13158762206930652
sikkim,2018,4,Oppo,4507,0.09285508261568255
sikkim,2018,4,Realme,1848,0.03807326218632824
sikkim,2018,4,Apple,1799,0.03706374387078166
sikkim,2018,4,Motorola,1119,0.023054101940747456
sikkim,2018,4,Lenovo,1038,0.021385306357905146
sikkim,2018,4,OnePlus,969,0.019963739750298734
sikkim,2018,4,Huawei,689,0.014195063661461123
sikkim,2018,4,Others,4877,0.1004779760187894
sikkim,2019,4,Samsung,29310,0.31525620616959943
sikkim,2019,4,Xiaomi,20528,0.22079765951039024
sikkim,2019,4,Vivo,13224,0.14223637224110486
sikkim,2019,4,Oppo,9175,0.09868562577980468
sikkim,2019,4,Realme,3578,0.03848470507249494
sikkim,2019,4,Apple,3131,0.033676805920061954
sikkim,2019,4,Motorola,1676,0.018026932839994837
sikkim,2019,4,OnePlus,1458,0.01568214085961365
sikkim,2019,4,Lenovo,1347,0.014488233016392031
sikkim,2019,4,Huawei,1245,0.013391128511810008
sikkim,2019,4,Others,8300,0.08927419007873338
sikkim,2020,4,Samsung,49275,0.33172212759941566
sikkim,2020,4,Xiaomi,30296,0.20395441050739516
sikkim,2020,4,Vivo,23560,0.15860727196838625
sikkim,2020,4,Oppo,15658,0.10541055451956673
sikkim,2020,4,Realme,6245,0.04204169836343685
sikkim,2020,4,Apple,4413,0.029708569235844168
sikkim,2020,4,HMD Global,2070,0.013935358784998284
sikkim,2020,4,Motorola,1984,0.01335640184996937
sikkim,2020,4,OnePlus,1764,0.011875349225476797
sikkim,2020,4,Lenovo,1714,0.011538746356273942
sikkim,2020,4,Others,11564,0.07784951158923678
sikkim,2021,4,Samsung,59868,0.3032719204486163
sikkim,2021,4,Xiaomi,39826,0.20174563212044153
sikkim,2021,4,Vivo,34807,0.1763210017881838
sikkim,2021,4,Oppo,20992,0.10633868099915403
sikkim,2021,4,Realme,12763,0.06465322911548223
sikkim,2021,4,Apple,6458,0.03271413880966734
sikkim,2021,4,OnePlus,2920,0.014791775367641471
sikkim,2021,4,Tecno,2588,0.01310997077104662
sikkim,2021,4,HMD Global,2358,0.011944865177020066
sikkim,2021,4,Motorola,2089,0.010582198199658574
sikkim,2021,4,Others,12738,0.06452658720308804
tamil-nadu,2018,4,Xiaomi,1270630,0.24435765608346965
tamil-nadu,2018,4,Samsung,978019,0.1880849896862965
tamil-nadu,2018,4,Vivo,776632,0.14935581180943092
tamil-nadu,2018,4,Oppo,457237,0.08793225533368283
tamil-nadu,2018,4,Motorola,228639,0.043970070067028494
tamil-nadu,2018,4,Realme,198871,0.038245320370977935
tamil-nadu,2018,4,Lenovo,194451,0.037395300428202355
tamil-nadu,2018,4,Apple,191032,0.03673778500187889
tamil-nadu,2018,4,OnePlus,180637,0.034738699638722295
tamil-nadu,2018,4,Huawei,164880,0.031708436236388624
tamil-nadu,2018,4,Others,558850,0.10747367534392153
tamil-nadu,2019,4,Xiaomi,2321854,0.2413445963735954
tamil-nadu,2019,4,Samsung,1803401,0.18745411487748082
tamil-nadu,2019,4,Vivo,1661144,0.17266724272862108
tamil-nadu,2019,4,Oppo,954430,0.09920801356021984
tamil-nadu,2019,4,Realme,385827,0.04010470149502733
tamil-nadu,2019,4,Motorola,364512,0.03788911857219791
tamil-nadu,2019,4,Huawei,329271,0.03422600068416452
tamil-nadu,2019,4,Apple,306135,0.03182113432232631
tamil-nadu,2019,4,Lenovo,283182,0.02943528985468832
tamil-nadu,2019,4,OnePlus,275013,0.028586164970963546
tamil-nadu,2019,4,Others,935724,0.09726362256071493
tamil-nadu,2020,4,Xiaomi,3595631,0.23412735569248969
tamil-nadu,2020,4,Vivo,2971084,0.1934603524277839
tamil-nadu,2020,4,Samsung,2918795,0.19005558555882415
tamil-nadu,2020,4,Oppo,1665487,0.10844718694721944
tamil-nadu,2020,4,Realme,690401,0.04495504697157483
tamil-nadu,2020,4,Motorola,503120,0.032760356998814785
tamil-nadu,2020,4,Huawei,497653,0.0324043765732453
tamil-nadu,2020,4,Apple,417632,0.02719385715958224
tamil-nadu,2020,4,Lenovo,385136,0.02507789961260839
tamil-nadu,2020,4,OnePlus,347722,0.022641709445742318
tamil-nadu,2020,4,Others,1364925,0.08887627261211495
tamil-nadu,2021,4,Xiaomi,4737458,0.23185166529944343
tamil-nadu,2021,4,Vivo,4457962,0.21817310328484968
tamil-nadu,2021,4,Samsung,3636646,0.17797781662751622
tamil-nadu,2021,4,Oppo,2390692,0.11700070405226959
tamil-nadu,2021,4,Realme,1288203,0.06304478283369244
tamil-nadu,2021,4,Apple,575168,0.02814877907665889
tamil-nadu,2021,4,OnePlus,507178,0.02482134172023079
tamil-nadu,2021,4,Motorola,501002,0.02451908766649789
tamil-nadu,2021,4,Huawei,493892,0.02417112355994981
tamil-nadu,2021,4,Lenovo,336045,0.01644607569408562
tamil-nadu,2021,4,Others,1508896,0.07384552018480564
telangana,2018,4,Xiaomi,1714433,0.2625600737800434
telangana,2018,4,Samsung,1327932,0.2033686495155428
telangana,2018,4,Vivo,960056,0.14702958598730503
telangana,2018,4,Oppo,598550,0.09166606811759047
telangana,2018,4,Realme,334552,0.05123559672688351
telangana,2018,4,Apple,322702,0.04942080613763709
telangana,2018,4,OnePlus,263159,0.040301981154050606
telangana,2018,4,Motorola,244632,0.037464628812534276
telangana,2018,4,Huawei,155797,0.023859825268592837
telangana,2018,4,Lenovo,133090,0.02038231894707228
telangana,2018,4,Others,474776,0.0727104655527477
telangana,2019,4,Xiaomi,2941413,0.26214187700204916
telangana,2019,4,Samsung,2304661,0.20539385675980204
telangana,2019,4,Vivo,1854821,0.16530363415229954
telangana,2019,4,Oppo,1125257,0.10028410906244545
telangana,2019,4,Realme,586629,0.052281004797298136
telangana,2019,4,Apple,489029,0.04358278826143595
telangana,2019,4,OnePlus,368665,0.03285581966386918
telangana,2019,4,Motorola,355073,0.0316444860659651
telangana,2019,4,Huawei,275415,0.024545279787136103
telangana,2019,4,Lenovo,184229,0.01641868580107945
telangana,2019,4,Others,735499,0.06554845864661989
telangana,2020,4,Xiaomi,4150153,0.2605603901154692
telangana,2020,4,Samsung,3270596,0.2053388801979332
telangana,2020,4,Vivo,2805410,0.17613295799789513
telangana,2020,4,Oppo,1673541,0.1050704626634807
telangana,2020,4,Realme,943307,0.059223946663810444
telangana,2020,4,Apple,628903,0.03948461924772145
telangana,2020,4,Motorola,444416,0.02790191261227149
telangana,2020,4,OnePlus,436917,0.027431100484266596
telangana,2020,4,Huawei,376296,0.023625112750997518
telangana,2020,4,Lenovo,231688,0.014546142194052323
telangana,2020,4,Others,966570,0.06068447507210194
telangana,2021,4,Xiaomi,5285587,0.2526855192952133
telangana,2021,4,Vivo,4135644,0.19771074655665175
telangana,2021,4,Samsung,3885608,0.1857573955849436
telangana,2021,4,Oppo,2358132,0.11273408402636453
telangana,2021,4,Realme,1759654,0.08412293370062764
telangana,2021,4,Apple,856106,0.040927448395371775
telangana,2021,4,OnePlus,676556,0.03234378777462037
telangana,2021,4,Motorola,415921,0.019883735500103285
telangana,2021,4,Huawei,353829,0.01691533307591116
telangana,2021,4,Lenovo,187416,0.008959706705089086
telangana,2021,4,Others,1003196,0.04795930938510346
tripura,2018,4,Xiaomi,38347,0.2502006328907448
tripura,2018,4,Samsung,35132,0.22922389325677747
tripura,2018,4,Oppo,17942,0.11706521384530062
tripura,2018,4,Vivo,14242,0.09292402048739112
tripura,2018,4,Realme,10556,0.06887417218543046
tripura,2018,4,Asus,3636,0.023723615959286203
tripura,2018,4,Lenovo,3586,0.023397383616611752
tripura,2018,4,Gionee,3584,0.023384334322904772
tripura,2018,4,Motorola,3428,0.02236648941376048
tripura,2018,4,Micromax,3415,0.022281669004665123
tripura,2018,4,Others,19397,0.1265585750171272
tripura,2019,4,Xiaomi,68653,0.25212451064642416
tripura,2019,4,Samsung,63478,0.2331195969122065
tripura,2019,4,Oppo,35779,0.1313964847336374
tripura,2019,4,Vivo,29148,0.10704448802415001
tripura,2019,4,Realme,20529,0.07539166648304431
tripura,2019,4,Asus,5562,0.020426150761298282
tripura,2019,4,Gionee,5248,0.019273002372400826
tripura,2019,4,Motorola,4789,0.017587349154235432
tripura,2019,4,Lenovo,4722,0.017341295198642664
tripura,2019,4,Micromax,4708,0.01728988093926507
tripura,2019,4,Others,29682,0.10900557477469537
tripura,2020,4,Xiaomi,101066,0.24703869374984722
tripura,2020,4,Samsung,93412,0.22832978905428858
tripura,2020,4,Oppo,57851,0.14140695656424923
tripura,2020,4,Vivo,48775,0.1192222140744543
tripura,2020,4,Realme,38173,0.09330742343135098
tripura,2020,4,Asus,7328,0.017912052993082545
tripura,2020,4,Motorola,5862,0.01432866466231576
tripura,2020,4,Gionee,5805,0.014189337830901224
tripura,2020,4,Huawei,5778,0.014123340910757499
tripura,2020,4,Lenovo,5769,0.014101341937376256
tripura,2020,4,Others,39291,0.0960401847913764
tripura,2021,4,Xiaomi,135695,0.24839280091965468
tripura,2021,4,Samsung,110734,0.20270111954778763
tripura,2021,4,Oppo,77764,0.14234878050566363
tripura,2021,4,Vivo,69926,0.12800114224627124
tripura,2021,4,Realme,68822,0.125980244997181
tripura,2021,4,Asus,7552,0.013824108718414328
tripura,2021,4,Huawei,6396,0.011708024280055355
tripura,2021,4,Motorola,6315,0.011559751927540583
tripura,2021,4,Lava,6023,0.01102523924933918
tripura,2021,4,Gionee,5955,0.010900763694141594
tripura,2021,4,Others,51110,0.09355802391395078
uttar-pradesh,2018,4,Xiaomi,2709697,0.26200990450169814
uttar-pradesh,2018,4,Samsung,2031840,0.19646558429327352
uttar-pradesh,2018,4,Vivo,1430827,0.13835157422710037
uttar-pradesh,2018,4,Oppo,1108153,0.10715111752467907
uttar-pradesh,2018,4,Realme,574980,0.05559678993274392
uttar-pradesh,2018,4,Motorola,268317,0.02594449178125161
uttar-pradesh,2018,4,Apple,252995,0.024462955005451575
uttar-pradesh,2018,4,Lenovo,213292,0.020623935647039574
uttar-pradesh,2018,4,Huawei,190126,0.01838393558515578
uttar-pradesh,2018,4,Micromax,172058,0.01663687864316681
uttar-pradesh,2018,4,Others,1389679,0.13437283285843965
uttar-pradesh,2019,4,Xiaomi,4790187,0.26686959477851857
uttar-pradesh,2019,4,Samsung,3450916,0.1922564932297437
uttar-pradesh,2019,4,Vivo,2793452,0.15562803775160391
uttar-pradesh,2019,4,Oppo,2124897,0.11838168349922243
uttar-pradesh,2019,4,Realme,1090479,0.060752469338771986
uttar-pradesh,2019,4,Motorola,383839,0.021384333928965986
uttar-pradesh,2019,4,Apple,383829,0.021383776811686895
uttar-pradesh,2019,4,Huawei,355084,0.01978234319293495
uttar-pradesh,2019,4,Lenovo,277318,0.015449864960342721
uttar-pradesh,2019,4,OnePlus,232862,0.012973144384408249
uttar-pradesh,2019,4,Others,2066679,0.1151382581238006
uttar-pradesh,2020,4,Xiaomi,7082855,0.25992954491691367
uttar-pradesh,2020,4,Samsung,5086075,0.1866508858593451
uttar-pradesh,2020,4,Vivo,4769619,0.17503745256638248
uttar-pradesh,2020,4,Oppo,3433564,0.12600635308263375
uttar-pradesh,2020,4,Realme,1937082,0.07108783714007205
uttar-pradesh,2020,4,Huawei,507500,0.018624445092456882
uttar-pradesh,2020,4,Apple,499152,0.018318086732591207
uttar-pradesh,2020,4,Motorola,484675,0.017786803793471015
uttar-pradesh,2020,4,Lenovo,348680,0.012796002984902199
uttar-pradesh,2020,4,Lava,304244,0.011165272261496457
uttar-pradesh,2020,4,Others,2795688,0.10259731556973517
uttar-pradesh,2021,4,Xiaomi,8926080,0.24376438087037522
uttar-pradesh,2021,4,Vivo,7025228,0.19185357445745774
uttar-pradesh,2021,4,Samsung,6308300,0.17227482207694622
uttar-pradesh,2021,4,Oppo,4798699,0.13104877961191125
uttar-pradesh,2021,4,Realme,3440284,0.09395151054866839
uttar-pradesh,2021,4,Apple,710181,0.019394496998783782
uttar-pradesh,2021,4,Infinix,635941,0.017367059687464968
uttar-pradesh,2021,4,Tecno,627147,0.017126902309828416
uttar-pradesh,2021,4,Huawei,526724,0.014384427402573978
uttar-pradesh,2021,4,Motorola,511474,0.01396796162943804
uttar-pradesh,2021,4,Others,3107597,0.08486608440655198
uttarakhand,2018,4,Xiaomi,238404,0.23555310082076628
uttarakhand,2018,4,Samsung,205071,0.20261870580365832
uttarakhand,2018,4,Vivo,143029,0.1413186207332653
uttarakhand,2018,4,Oppo,129035,0.12749196475062322
uttarakhand,2018,4,Realme,51951,0.05132975596357288
uttarakhand,2018,4,Apple,30805,0.030436625521315517
uttarakhand,2018,4,Motorola,30636,0.030269646468788255
uttarakhand,2018,4,Lenovo,20723,0.020475188790073737
uttarakhand,2018,4,OnePlus,20523,0.020277580443887628
uttarakhand,2018,4,Micromax,19828,0.019590891440890896
uttarakhand,2018,4,Others,122098,0.120637919263158
uttarakhand,2019,4,Xiaomi,414477,0.23648224972427892
uttarakhand,2019,4,Samsung,344276,0.19642866312503673
uttarakhand,2019,4,Vivo,279712,0.1595912994807372
uttarakhand,2019,4,Oppo,247381,0.14114466042516677
uttarakhand,2019,4,Realme,97443,0.055596667269553944
uttarakhand,2019,4,Apple,49003,0.027958945087999672
uttarakhand,2019,4,Motorola,43412,0.024768967699125396
uttarakhand,2019,4,Huawei,33443,0.01908109708748389
uttarakhand,2019,4,OnePlus,29624,0.016902144548025678
uttarakhand,2019,4,Lenovo,27481,0.015679443502710427
uttarakhand,2019,4,Others,186425,0.10636586204988141
uttarakhand,2020,4,Xiaomi,594817,0.22910674035260167
uttarakhand,2020,4,Samsung,504450,0.1942999194220574
uttarakhand,2020,4,Vivo,458644,0.1766567395052237
uttarakhand,2020,4,Oppo,392059,0.15101007455385548
uttarakhand,2020,4,Realme,165895,0.06389807737639451
uttarakhand,2020,4,Apple,65898,0.025382051918078578
uttarakhand,2020,4,Motorola,53771,0.020711073381392504
uttarakhand,2020,4,Huawei,45541,0.017541109387253277
uttarakhand,2020,4,OnePlus,36256,0.01396478913384104
uttarakhand,2020,4,Micromax,32967,0.012697959051614563
uttarakhand,2020,4,Others,245946,0.09473146591768725
uttarakhand,2021,4,Xiaomi,771248,0.22290307989994262
uttarakhand,2021,4,Vivo,655975,0.1895873283786342
uttarakhand,2021,4,Samsung,635155,0.18357001342479728
uttarakhand,2021,4,Oppo,530288,0.15326176331605498
uttarakhand,2021,4,Realme,296672,0.08574298088303085
uttarakhand,2021,4,Apple,94375,0.027275893312601246
uttarakhand,2021,4,OnePlus,58873,0.017015244153565808
uttarakhand,2021,4,Motorola,55844,0.016139814422769842
uttarakhand,2021,4,Huawei,46660,0.013485490669838137
uttarakhand,2021,4,HMD Global,34563,0.009989263052327807
uttarakhand,2021,4,Others,280362,0.0810291284864372
west-bengal,2018,4,Xiaomi,1710240,0.27236252320728593
west-bengal,2018,4,Samsung,1302124,0.20736842675224762
west-bengal,2018,4,Vivo,678746,0.10809300050101302
west-bengal,2018,4,Oppo,557207,0.08873743127792717
west-bengal,2018,4,Realme,340318,0.054196995259646094
west-bengal,2018,4,Lenovo,219466,0.03495083351939506
west-bengal,2018,4,Motorola,216376,0.034458738727605305
west-bengal,2018,4,Micromax,129429,0.020612083108917937
west-bengal,2018,4,Asus,128184,0.020413811906400705
west-bengal,2018,4,Huawei,101601,0.016180363411207467
west-bengal,2018,4,Others,895587,0.14262579232835368
west-bengal,2019,4,Xiaomi,2944739,0.2705303912941943
west-bengal,2019,4,Samsung,2312247,0.2124239484989423
west-bengal,2019,4,Vivo,1347847,0.12382543115525889
west-bengal,2019,4,Oppo,1085985,0.0997684164843219
west-bengal,2019,4,Realme,644719,0.05922972573963317
west-bengal,2019,4,Motorola,315603,0.028994149594793156
west-bengal,2019,4,Lenovo,296257,0.02721685084268729
west-bengal,2019,4,Asus,219070,0.020125754038242148
west-bengal,2019,4,Huawei,193056,0.01773587242254474
west-bengal,2019,4,Micromax,175245,0.016099592670980715
west-bengal,2019,4,Others,1350290,0.12404986725840138
west-bengal,2020,4,Xiaomi,4070350,0.25988544442942585
west-bengal,2020,4,Samsung,3365601,0.21488832942059533
west-bengal,2020,4,Vivo,2206769,0.14089872918006552
west-bengal,2020,4,Oppo,1690166,0.1079144402986242
west-bengal,2020,4,Realme,1095750,0.06996191377487032
west-bengal,2020,4,Motorola,390257,0.024917295536426708
west-bengal,2020,4,Lenovo,354637,0.02264301457027487
west-bengal,2020,4,Asus,283758,0.018117501920081817
west-bengal,2020,4,Huawei,262902,0.016785879128670734
west-bengal,2020,4,Micromax,196449,0.012542959615933835
west-bengal,2020,4,Others,1745454,0.1114444921250308
west-bengal,2021,4,Xiaomi,5313832,0.2573966456097541
west-bengal,2021,4,Samsung,4083535,0.19780230372921598
west-bengal,2021,4,Vivo,3353243,0.16242769814973237
west-bengal,2021,4,Oppo,2309956,0.11189193145476281
west-bengal,2021,4,Realme,1930021,0.09348826446835037
west-bengal,2021,4,Motorola,408826,0.019803117794851874
west-bengal,2021,4,Lenovo,325638,0.015773575243453145
west-bengal,2021,4,Asus,287059,0.013904847517213641
west-bengal,2021,4,Huawei,274009,0.013272718721044081
west-bengal,2021,4,Infinix,254793,0.01234191512355793
west-bengal,2021,4,Others,2103615,0.10189698218806369
